shot,shot_position,Cycle time,Clamping force,Peak value plasticizing screw,Transfer volume,Maximum injection pressure,Transfer injection pressure,Injection time,Cushion mass,Dosing time,Cylinder heating zone 1,Cylinder heating zone 2,Cylinder heating zone 3,Cylinder heating zone 4,Cylinder heating zone 5,Nozzle temperature,Mold protection time,Product_Goodness
502,1,15.55800,800.85986,0.62800,28.24119,567.70630,567.70630,0.36000,19.96404,1.92400,187.50000,193.30000,199.50000,204.80000,209.80000,44.20000,0.66400,1
503,1,15.54000,800.67542,0.78200,28.24119,600.05505,600.05505,0.36000,19.95385,1.92800,187.10001,192.60001,199.10001,204.80000,209.80000,43.90000,0.66600,1
504,1,15.49600,800.67542,0.68200,28.24119,623.95233,623.95233,0.36000,19.98443,1.94600,187.10001,191.80000,198.80000,204.80000,209.80000,43.50000,0.66000,1
505,1,15.39600,800.49097,0.67800,28.24119,638.91241,638.91241,0.36000,20.00482,1.97200,187.00000,191.30000,198.50000,205.00000,209.80000,43.40000,0.66200,1
506,1,15.56000,800.67542,0.68400,28.24119,649.50104,649.50104,0.36000,20.06088,1.99200,187.00000,190.60001,198.10001,205.00000,209.80000,43.00000,0.66400,1
507,1,15.53400,800.67542,0.69200,28.24119,640.07813,640.07813,0.36000,20.13224,1.98800,187.00000,190.50000,198.10001,205.00000,210.00000,42.90000,0.66400,1
508,1,15.49600,800.85986,0.69000,28.24119,647.26672,647.26672,0.36000,20.19340,1.99400,187.10001,190.50000,198.10001,204.80000,209.80000,42.50000,0.66200,1
509,1,15.39600,800.85986,0.61000,28.24119,647.36389,647.36389,0.36000,20.16791,2.00000,187.10001,190.60001,198.10001,204.80000,210.00000,42.20000,0.66400,1
510,1,15.55600,800.85986,0.69800,28.24119,652.70679,652.70679,0.36000,20.14753,2.00400,187.10001,191.00000,198.10001,204.80000,209.80000,41.90000,0.66200,1
511,1,15.53400,801.04431,0.74400,28.24119,661.44971,661.44971,0.36000,20.16791,2.01400,187.10001,191.30000,198.30000,204.80000,209.80000,41.70000,0.66600,1
512,1,15.49400,801.22870,0.97600,28.24119,669.31830,669.31830,0.36000,20.14243,2.00600,187.30000,191.30000,198.50000,204.80000,210.00000,41.20000,0.66600,1
513,1,15.39600,801.22870,0.79200,28.24119,669.02686,669.02686,0.36000,20.14243,1.99800,187.30000,191.60001,198.50000,204.80000,210.00000,41.20000,0.66600,1
514,1,15.55600,801.22870,1.36200,28.24119,670.58118,670.58118,0.36000,20.16282,2.02200,187.30000,192.00000,198.60001,204.80000,210.00000,41.00000,0.66600,1
515,1,15.53400,801.22870,0.74400,28.24119,666.20972,666.20972,0.36000,20.17301,2.01000,187.30000,192.10001,198.50000,205.00000,210.00000,40.70000,0.66200,1
516,1,15.49400,801.04431,0.82000,28.24119,667.76404,667.76404,0.36000,20.17301,1.99200,187.30000,192.50000,198.60001,205.00000,210.00000,40.50000,0.66200,1
517,1,15.39600,801.41315,0.82200,28.24119,670.58118,670.58118,0.36000,20.18320,1.99200,187.10001,192.50000,198.60001,205.00000,210.00000,40.40000,0.66600,1
518,1,15.55600,801.41315,0.88000,28.24119,663.00397,663.00397,0.36000,20.12714,2.00800,187.30000,192.30000,198.50000,205.00000,210.00000,40.20000,0.66400,1
519,1,15.53400,801.41315,0.70600,28.24119,664.84973,664.84973,0.36000,20.12204,1.98800,187.50000,192.60001,198.60001,204.80000,210.00000,40.20000,0.66200,1
520,1,15.49400,801.41315,0.75800,28.24119,667.27832,667.27832,0.36000,20.18830,1.99400,187.60001,192.80000,198.80000,204.80000,210.00000,40.00000,0.65800,1
521,1,15.39600,801.59760,0.83000,28.24119,663.68402,663.68402,0.36000,20.14753,1.99200,187.80000,192.60001,198.80000,204.80000,210.00000,40.20000,0.66400,1
522,1,15.55400,801.41315,0.74600,28.24119,652.80396,652.80396,0.36000,20.11695,1.98400,188.10001,192.60001,199.00000,204.80000,209.80000,40.20000,0.66600,1
523,1,15.53400,801.41315,0.85600,28.24119,659.02112,658.63251,0.36000,20.13733,2.00000,188.30000,193.00000,198.80000,204.80000,210.00000,40.20000,0.66200,1
524,1,15.49400,801.41315,0.79000,28.24119,656.10681,656.10681,0.36000,20.04049,2.01600,188.50000,193.10001,199.00000,205.00000,210.00000,40.50000,0.66200,1
525,1,15.39600,801.41315,0.84000,28.24119,660.08966,660.08966,0.36000,20.07617,2.01800,188.60001,193.30000,199.10001,205.00000,210.00000,40.50000,0.66600,1
526,1,15.55600,801.22870,0.69200,28.24119,659.99255,659.89539,0.36000,20.11695,2.01600,188.60001,193.30000,199.30000,205.00000,210.00000,40.50000,0.66000,1
527,1,15.53400,801.59760,0.77000,28.24119,651.92963,651.92963,0.36000,20.12204,1.98800,188.60001,193.50000,199.30000,205.00000,210.00000,40.70000,0.66000,1
528,1,15.49400,801.41315,0.74200,28.24119,660.67255,660.67255,0.36000,20.12204,1.98800,188.80000,193.60001,199.30000,205.00000,210.00000,40.70000,0.66400,0
529,1,15.39800,801.41315,0.88200,28.24119,652.70679,652.70679,0.36000,20.01501,1.99800,188.80000,193.60001,199.30000,205.00000,210.00000,40.90000,0.66400,1
530,1,15.55400,801.59760,0.94400,28.24119,661.06110,661.06110,0.36000,20.11185,2.00800,188.80000,193.80000,199.60001,205.00000,210.00000,40.70000,0.66800,0
531,1,15.53400,801.41315,0.69200,28.24119,654.74677,654.74677,0.36000,20.07107,2.01000,188.60001,193.80000,199.30000,205.10001,210.00000,40.90000,0.66600,1
532,1,15.49400,801.59760,0.94400,28.24119,642.70099,642.70099,0.36000,20.10675,1.98800,188.80000,194.10001,199.60001,205.00000,210.00000,40.90000,0.66600,1
533,1,15.39600,801.41315,0.77600,28.24119,640.85529,640.85529,0.36000,20.07617,1.98000,189.00000,194.30000,199.60001,205.00000,210.00000,41.00000,0.66200,0
534,1,15.55600,801.22870,0.77600,28.24119,647.07245,647.07245,0.36000,20.13733,1.98000,189.10001,194.60001,199.60001,205.00000,210.00000,41.00000,0.66200,1
535,1,15.53400,801.22870,0.75200,28.24119,639.88385,639.88385,0.36000,20.10675,1.98000,189.30000,194.60001,199.80000,205.00000,210.00000,41.20000,0.66800,1
536,1,15.49400,801.59760,0.95800,28.24119,640.56384,640.56384,0.36000,20.12204,1.96200,189.10001,194.60001,199.80000,205.00000,210.00000,41.20000,0.66200,0
537,1,15.39600,801.59760,1.00400,28.24119,635.60956,635.60956,0.36000,20.09146,1.97000,189.10001,194.60001,199.60001,205.00000,210.00000,41.20000,0.66400,0
538,1,15.55600,801.41315,0.90000,28.24119,632.98669,632.98669,0.36000,20.13224,1.98000,189.30000,194.60001,199.60001,205.10001,210.00000,41.20000,0.66400,1
539,1,15.53400,801.59760,1.05400,28.24119,638.62097,638.32953,0.36000,20.10675,1.97200,189.30000,194.60001,199.80000,205.00000,210.00000,41.20000,0.66400,0
540,1,15.49400,801.59760,0.86000,28.24119,633.18097,633.18097,0.36000,20.11695,1.98400,189.50000,194.60001,200.00000,205.00000,210.00000,41.40000,0.66600,1
541,1,15.39600,801.59760,0.94600,28.24119,635.80383,635.70667,0.36000,20.09656,1.97800,189.50000,194.60001,199.80000,205.00000,210.00000,41.50000,0.66200,1
542,1,15.55800,801.59760,1.05200,28.24119,633.08380,633.08380,0.36000,20.11695,1.97400,189.50000,194.60001,199.60001,205.00000,209.80000,41.40000,0.66600,0
543,1,15.53400,801.59760,0.74600,28.24119,636.77527,636.67810,0.36000,20.11185,1.98800,189.60001,194.60001,199.80000,205.00000,209.80000,41.50000,0.66600,0
544,1,15.49400,801.22870,0.75000,28.24119,629.10095,629.10095,0.36000,20.05069,1.97400,189.60001,194.60001,199.80000,205.00000,209.80000,41.50000,0.66200,0
545,1,15.39600,801.59760,1.07600,28.24119,632.79236,632.79236,0.36000,20.06088,1.98800,189.60001,194.60001,199.80000,205.00000,209.80000,41.70000,0.66400,1
546,1,15.55600,801.41315,1.00600,28.24119,633.37524,633.37524,0.36000,20.13733,1.98600,189.80000,194.60001,199.80000,205.00000,209.80000,41.70000,0.66200,1
547,1,15.53400,801.78204,0.84400,28.24119,634.05524,634.05524,0.36000,20.11695,1.96600,190.00000,194.80000,199.80000,204.80000,209.80000,41.70000,0.67000,1
548,1,15.49200,801.41315,1.07200,28.24119,631.62665,631.62665,0.36000,20.07107,1.98000,190.00000,194.60001,199.80000,205.00000,209.80000,41.90000,0.66400,0
549,1,15.39600,801.41315,1.02400,28.24119,635.80383,635.80383,0.36000,20.05578,1.98800,190.00000,194.60001,200.00000,205.00000,209.80000,41.90000,0.66200,0
550,1,15.55600,801.41315,1.07800,28.24119,641.92389,641.92389,0.36000,20.06088,1.99600,190.00000,194.50000,200.10001,205.00000,209.80000,42.00000,0.66800,0
551,1,15.53400,801.04431,0.90200,28.24119,632.01526,632.01526,0.36000,19.99462,1.97200,190.00000,194.30000,200.10001,205.10001,209.80000,42.00000,0.66400,0
552,1,15.49400,801.22870,0.84000,28.24119,646.78101,646.78101,0.36000,20.04049,1.99200,190.00000,194.60001,200.10001,205.00000,209.80000,42.00000,0.66200,1
553,1,15.39600,801.04431,0.84600,28.24119,650.66675,650.66675,0.36000,20.09146,1.99400,190.10001,194.80000,200.00000,205.00000,209.80000,42.00000,0.66000,1
554,1,15.55600,801.04431,1.17600,28.24119,646.48962,646.48962,0.36000,20.03030,1.97600,190.10001,194.60001,199.80000,205.00000,209.80000,42.20000,0.66400,1
555,1,15.53200,801.22870,1.03600,28.24119,644.64386,644.64386,0.36000,20.06598,1.97000,190.00000,195.00000,199.80000,204.80000,209.80000,42.20000,0.66600,0
556,1,15.49400,801.04431,0.74600,28.24119,637.84381,636.77527,0.36000,20.07617,1.99000,190.00000,195.10001,199.60001,204.80000,209.80000,42.20000,0.66800,1
557,1,15.39600,801.04431,0.83600,28.24119,646.48962,646.48962,0.36000,20.07617,1.97800,190.00000,194.80000,199.60001,204.80000,209.80000,42.40000,0.66400,0
558,1,15.55600,801.04431,0.83200,28.24119,636.87238,636.87238,0.36000,20.07107,1.96400,189.80000,194.80000,199.80000,205.00000,209.80000,42.20000,0.66600,1
559,1,15.53400,801.04431,0.94800,28.24119,649.11249,649.11249,0.36000,20.06598,1.98400,190.00000,194.80000,199.80000,205.00000,209.80000,42.50000,0.66000,0
560,1,15.49400,801.04431,0.98200,28.24119,640.36957,640.36957,0.36000,20.05578,1.99400,190.00000,194.80000,199.80000,205.10001,209.80000,42.50000,0.66000,0
561,1,15.39800,800.85986,0.92400,28.24119,635.31812,635.31812,0.36000,20.05069,1.97800,190.00000,194.60001,199.80000,205.00000,209.80000,42.50000,0.66200,0
562,1,15.55600,800.67542,1.06400,28.24119,648.52960,648.52960,0.36000,20.10675,1.97200,190.10001,194.60001,199.80000,205.00000,209.80000,42.50000,0.66200,0
563,1,15.53400,800.85986,0.79600,28.24119,639.68958,639.68958,0.36000,20.06088,1.96400,190.00000,194.80000,200.00000,205.00000,209.80000,42.70000,0.66400,1
564,1,15.49400,800.85986,0.93600,28.24119,643.38104,643.38104,0.36000,20.07617,1.98600,190.10001,194.80000,199.80000,205.00000,209.80000,42.70000,0.66000,1
565,1,15.39600,800.85986,0.86600,28.24119,645.80957,645.80957,0.36000,20.07107,1.97600,190.00000,195.00000,199.80000,204.80000,209.80000,42.70000,0.66400,1
566,1,15.55600,800.67542,0.79200,28.24119,644.93530,644.93530,0.36000,20.02011,1.98200,190.00000,195.00000,200.00000,205.00000,209.80000,42.70000,0.66200,1
567,1,15.53400,800.67542,0.88400,28.24119,639.30096,639.30096,0.36000,20.02520,1.97000,190.10001,195.10001,200.00000,205.00000,209.80000,42.90000,0.66200,1
568,1,15.49400,800.67542,1.22200,28.24119,648.14105,648.14105,0.36000,20.04049,1.99400,190.10001,195.00000,200.10001,205.00000,209.80000,42.90000,0.66200,0
569,1,15.39600,800.85986,1.09000,28.24119,642.11816,642.11816,0.36000,20.02011,1.98800,190.10001,194.80000,200.10001,205.00000,209.80000,43.00000,0.66600,1
570,1,15.55600,800.67542,0.92200,28.24119,637.16382,637.06671,0.36000,20.00991,1.98400,190.10001,194.80000,200.00000,205.00000,209.80000,42.90000,0.66200,1
571,1,15.53400,800.85986,1.08800,28.24119,646.39246,646.39246,0.36000,20.03030,2.00200,190.10001,195.00000,200.00000,205.00000,210.00000,43.00000,0.66200,1
572,1,15.49400,800.85986,0.97600,28.24119,641.34100,641.34100,0.36000,20.07617,1.99200,190.10001,195.10001,200.10001,205.00000,210.00000,43.00000,0.66800,0
573,1,15.39600,800.49097,0.82800,28.24119,641.72955,641.72955,0.36000,20.07617,1.98800,190.10001,195.00000,199.80000,205.00000,210.00000,43.20000,0.66200,1
574,1,15.55600,800.85986,1.07600,28.24119,649.50104,649.50104,0.36000,20.07617,2.00000,190.10001,194.80000,200.10001,205.00000,210.00000,43.20000,0.66200,1
575,1,15.53400,800.49097,0.87600,28.24119,646.68390,646.68390,0.36000,20.01501,1.99600,190.00000,194.80000,200.10001,205.00000,210.00000,43.00000,0.66000,1
576,1,15.49200,800.67542,1.13200,28.24119,644.93530,644.93530,0.36000,20.03030,2.01000,190.10001,194.80000,200.10001,205.00000,210.00000,43.20000,0.66200,1
577,1,15.39600,800.49097,0.90200,28.24119,646.68390,646.68390,0.36000,20.04049,2.00200,190.00000,194.60001,199.80000,205.00000,210.00000,43.20000,0.66400,1
578,1,15.55600,800.30652,0.88000,28.24119,647.07245,647.07245,0.36000,20.08636,1.98000,189.80000,194.60001,199.80000,205.00000,210.00000,43.50000,0.66200,0
579,1,15.53400,800.30652,0.94600,28.24119,660.28400,660.28400,0.36000,20.05578,1.99600,189.80000,194.80000,199.60001,205.00000,209.80000,43.50000,0.66200,1
580,1,15.49400,800.85986,1.20600,28.24119,659.99255,659.99255,0.36000,20.07617,1.98200,190.00000,195.10001,199.80000,204.80000,209.80000,43.40000,0.66400,1
581,1,15.39600,800.49097,0.86600,28.24119,656.88397,656.88397,0.36000,20.10165,1.99600,190.00000,195.10001,199.80000,204.80000,209.80000,43.50000,0.66200,1
582,1,15.55800,800.49097,0.86600,28.24119,650.76392,650.76392,0.36000,20.08127,1.95800,190.00000,195.30000,200.00000,205.00000,209.80000,43.50000,0.66200,1
583,1,15.53400,800.49097,0.86200,28.24119,660.96399,660.96399,0.36000,20.07107,1.99800,189.80000,195.30000,200.10001,205.00000,209.80000,43.70000,0.66600,1
584,1,15.49200,800.49097,0.86400,28.24119,641.72955,641.43817,0.36000,20.10165,1.97600,189.80000,195.10001,200.00000,205.00000,209.80000,43.70000,0.66200,1
585,1,15.39600,800.67542,0.88200,28.24119,639.20386,639.20386,0.36000,20.06598,1.97600,189.80000,195.30000,200.10001,205.00000,209.80000,43.70000,0.66400,0
586,1,15.55600,800.30652,0.92200,28.24119,648.91821,648.91821,0.36000,20.10675,1.97200,189.80000,195.30000,200.00000,205.10001,210.00000,43.90000,0.66600,0
587,1,15.53400,800.67542,0.93400,28.24119,646.00391,646.00391,0.36000,20.06598,1.99000,189.60001,195.10001,200.10001,205.00000,209.80000,43.90000,0.66200,1
588,1,15.49400,800.67542,1.18800,28.24119,633.95807,633.95807,0.36000,20.13224,1.96000,189.80000,194.80000,200.00000,205.00000,209.80000,43.90000,0.66200,1
589,1,15.39600,800.49097,0.81400,28.24119,633.66669,633.66669,0.36000,20.08636,1.96000,189.80000,194.80000,200.00000,205.00000,209.80000,43.70000,0.66400,1
590,1,15.55600,800.30652,0.90000,28.24119,641.53528,641.53528,0.36000,20.09656,1.96200,189.80000,194.60001,199.80000,204.80000,209.80000,44.00000,0.66400,1
591,1,15.53200,800.49097,0.83600,28.24119,637.94098,637.94098,0.36000,20.07617,1.96400,189.80000,194.50000,200.00000,204.80000,209.80000,43.90000,0.66600,0
592,1,15.49400,800.30652,0.82800,28.24119,639.98102,639.98102,0.36000,20.04049,1.97600,190.00000,194.80000,200.10001,204.80000,209.80000,44.00000,0.66200,1
593,1,15.39600,800.49097,0.84200,28.24119,650.76392,650.76392,0.36000,19.98443,1.99800,190.00000,194.60001,200.10001,205.00000,209.80000,44.00000,0.66400,1
594,1,15.55800,800.49097,0.88000,28.24119,643.28387,643.28387,0.36000,19.98953,1.99200,190.10001,194.60001,200.00000,205.00000,209.80000,44.00000,0.66400,1
595,1,15.53400,800.49097,0.83200,28.24119,645.71246,645.71246,0.36000,20.08127,1.98200,190.10001,194.60001,200.00000,205.10001,209.80000,44.00000,0.66200,1
596,1,15.49400,800.49097,0.95800,28.24119,655.42682,655.42682,0.36000,20.03540,1.97200,190.10001,194.80000,200.00000,205.00000,209.80000,44.00000,0.66600,1
597,1,15.39600,800.67542,1.34400,28.24119,662.90686,662.90686,0.36000,20.04049,1.98800,190.00000,195.10001,200.00000,205.00000,209.80000,44.00000,0.66600,0
598,1,15.55800,800.30652,0.84400,28.24119,664.84973,664.84973,0.36000,20.02520,1.99000,190.00000,195.00000,199.80000,205.00000,210.00000,44.00000,0.66200,0
599,1,15.53400,800.30652,0.83400,28.24119,657.66107,657.66107,0.36000,20.05578,1.97800,190.00000,195.10001,199.80000,204.80000,210.00000,44.00000,0.66200,1
600,1,15.49400,800.49097,1.08800,28.24119,663.78113,663.78113,0.36000,20.05069,1.98600,190.00000,195.10001,199.80000,204.80000,209.80000,44.00000,0.66800,1
601,1,15.39600,800.30652,0.89600,28.24119,656.10681,656.10681,0.36000,20.00482,1.97800,190.10001,194.80000,199.80000,204.80000,209.80000,44.20000,0.66600,1
602,1,15.55600,800.30652,1.10400,28.24119,673.20404,673.20404,0.36000,20.04559,1.99600,189.80000,194.80000,199.80000,205.00000,209.80000,44.20000,0.66600,0
603,1,15.53400,800.30652,1.08600,28.24119,666.11255,666.11255,0.36000,20.08636,1.98400,190.00000,195.00000,199.60001,205.00000,209.80000,44.20000,0.66600,1
604,1,15.49400,800.49097,1.05200,28.24119,660.08966,660.08966,0.36000,19.98953,1.98600,190.00000,195.10001,199.80000,205.00000,209.80000,44.20000,0.66600,1
605,1,15.39600,800.30652,0.97000,28.24119,665.62683,665.62683,0.36000,20.07617,2.00400,189.80000,195.10001,200.10001,205.00000,209.80000,44.20000,0.66400,1
606,1,15.55600,800.30652,1.09600,28.24119,675.24408,675.24408,0.36000,20.06088,1.98400,189.80000,195.10001,200.00000,205.00000,209.80000,44.20000,0.66800,1
607,1,15.53400,800.30652,1.18400,28.24119,672.03833,672.03833,0.36000,20.08127,1.98600,189.60001,195.10001,200.10001,204.80000,209.80000,44.40000,0.66200,1
608,1,15.49400,800.49097,1.03600,28.24119,671.55261,671.55261,0.36000,20.04049,1.98600,189.80000,195.30000,200.10001,205.00000,209.80000,44.20000,0.66400,1
609,1,15.39600,799.93762,0.95200,28.24119,667.66687,667.66687,0.36000,20.08127,1.97400,189.80000,195.30000,200.00000,205.00000,209.80000,44.40000,0.66200,1
610,1,15.55600,800.12207,0.88000,28.24119,675.04980,675.04980,0.36000,19.99462,1.98200,189.80000,195.30000,199.80000,205.00000,210.00000,44.50000,0.66600,1
611,1,15.53400,800.30652,0.79000,28.24119,670.38690,670.38690,0.36000,20.09656,1.97600,189.80000,195.30000,200.10001,205.00000,209.80000,44.50000,0.66200,1
612,1,15.49400,800.30652,0.92200,28.24119,670.19263,670.19263,0.36000,20.08636,1.96000,189.80000,195.30000,200.10001,205.00000,210.00000,44.50000,0.66800,1
613,1,15.39600,800.12207,1.12200,28.24119,672.42688,672.42688,0.36000,20.10165,1.98400,189.80000,195.30000,200.00000,205.00000,210.00000,44.50000,0.66200,1
614,1,15.55600,800.12207,0.89200,28.24119,655.23248,655.23248,0.36000,20.08127,1.98000,189.80000,195.10001,200.10001,205.00000,210.00000,44.50000,0.66400,1
615,1,15.53400,800.12207,0.95000,28.24119,668.63831,668.63831,0.36000,20.11695,1.97400,189.60001,194.80000,200.10001,205.00000,210.00000,44.50000,0.66400,1
616,1,15.49400,800.12207,1.00600,28.24119,655.81537,655.81537,0.36000,20.08636,1.96000,189.80000,195.10001,200.00000,205.00000,210.00000,44.50000,0.66400,1
617,1,15.39600,799.93762,1.19000,28.24119,660.28400,660.28400,0.36000,20.13224,1.96600,189.80000,195.10001,200.10001,205.00000,210.00000,44.50000,0.66200,1
618,1,15.55600,799.75317,0.92000,28.24119,663.78113,663.78113,0.36000,20.10165,1.96800,189.80000,195.10001,200.00000,204.80000,210.00000,44.50000,0.66400,1
619,1,15.53400,799.93762,0.89000,28.24119,642.50671,642.50671,0.36000,20.10675,1.95000,190.00000,195.10001,200.00000,204.80000,209.80000,44.70000,0.66200,0
620,1,15.49600,799.93762,0.75600,28.24119,648.91821,648.91821,0.36000,20.05578,1.97600,190.10001,195.10001,199.80000,204.80000,209.80000,44.70000,0.66600,1
621,1,15.39600,799.93762,1.33800,28.24119,652.70679,652.70679,0.36000,20.05578,1.97400,190.10001,194.80000,199.80000,205.00000,209.80000,44.70000,0.66800,1
622,1,15.55600,799.75317,0.82800,28.24119,664.46112,664.46112,0.36000,20.09146,1.98000,190.00000,194.60001,199.80000,205.00000,209.80000,44.70000,0.66600,1
623,1,15.53400,799.75317,0.87800,28.24119,659.50684,659.50684,0.36000,20.05069,1.97000,189.80000,194.80000,199.80000,205.00000,209.80000,44.70000,0.66400,1
624,1,15.49400,799.75317,0.93400,28.24119,666.69543,666.69543,0.36000,20.05069,1.98200,190.00000,194.60001,199.80000,205.00000,209.80000,44.70000,0.66200,1
625,1,15.39600,799.93762,1.14600,28.24119,669.41547,669.41547,0.36000,20.06598,1.98600,189.80000,194.60001,199.80000,205.00000,210.00000,44.90000,0.66400,1
626,1,15.55400,799.75317,0.91000,28.24119,669.90118,669.60974,0.36000,20.08127,1.98000,189.80000,194.60001,199.80000,205.00000,210.00000,44.90000,0.66200,1
627,1,15.53400,799.93762,0.95000,28.24119,671.45544,671.35834,0.36000,20.07617,1.97600,189.80000,194.60001,199.80000,205.00000,209.80000,44.90000,0.66600,1
628,1,15.49400,799.56873,1.26200,28.24119,678.44977,678.44977,0.36000,20.08636,1.98200,189.80000,194.60001,199.80000,204.80000,209.80000,45.00000,0.66200,1
629,1,15.39600,799.56873,1.27800,28.24119,669.02686,669.02686,0.36000,20.09656,1.97000,189.80000,194.60001,199.80000,205.00000,209.80000,45.00000,0.66200,1
630,1,15.55600,799.56873,1.07200,28.24119,664.07257,664.07257,0.36000,20.08636,1.97000,189.80000,194.80000,199.80000,205.00000,209.80000,45.00000,0.66400,1
631,1,15.53400,799.75317,0.92600,28.24119,671.74689,671.74689,0.36000,20.05578,1.97200,189.80000,194.80000,199.80000,205.00000,209.80000,45.20000,0.66200,1
632,1,15.49400,799.75317,1.09600,28.24119,690.68988,690.68988,0.36000,20.08636,1.98000,189.80000,195.00000,199.80000,205.00000,209.80000,45.00000,0.66600,1
633,1,15.39600,799.75317,0.86800,28.24119,668.83258,668.83258,0.36000,20.07617,1.97600,189.80000,195.00000,199.80000,205.00000,210.00000,45.20000,0.66000,1
634,1,15.55600,799.56873,0.84000,28.24119,674.85547,674.85547,0.36000,20.11695,1.98200,189.60001,194.80000,199.80000,205.00000,210.00000,45.20000,0.66400,1
635,1,15.53200,799.75317,1.03800,28.24119,680.39264,680.39264,0.36000,20.10675,1.96800,189.60001,194.80000,200.10001,205.00000,210.00000,45.20000,0.66800,1
636,1,15.49600,799.75317,1.09800,28.24119,672.03833,672.03833,0.36000,20.08636,1.97400,189.60001,194.80000,199.80000,205.00000,210.00000,45.20000,0.66400,1
637,1,15.39600,799.75317,1.46000,28.24119,673.78693,673.78693,0.36000,20.09146,1.97000,189.80000,195.10001,200.10001,205.00000,209.80000,45.20000,0.66400,1
638,1,15.55600,799.56873,0.96200,28.24119,683.59839,683.59839,0.36000,20.06598,1.98200,189.80000,195.00000,200.10001,205.00000,209.80000,45.40000,0.66600,1
639,1,15.53400,799.56873,0.85600,28.24119,672.81549,672.52405,0.36000,20.06088,1.97200,189.80000,195.10001,200.10001,205.00000,209.80000,45.20000,0.66600,1
640,1,15.49400,799.75317,1.85000,28.24119,669.90118,669.90118,0.36000,20.07107,1.99000,190.00000,195.30000,200.00000,205.00000,209.80000,45.40000,0.66600,1
641,1,15.39600,799.56873,0.80800,28.24119,676.79834,676.79834,0.36000,20.13224,1.97800,190.10001,195.10001,200.00000,205.00000,210.00000,45.40000,0.66200,1
642,1,15.55600,799.75317,0.88800,28.24119,673.00977,673.00977,0.36000,20.02520,1.98200,190.10001,195.10001,199.80000,205.00000,210.00000,45.40000,0.66200,1
643,1,15.53400,799.38428,0.77400,28.24119,673.78693,673.78693,0.36000,20.09656,1.98200,190.10001,195.10001,200.00000,205.00000,210.00000,45.40000,0.66600,1
644,1,15.49400,799.56873,0.84000,28.24119,674.07837,674.07837,0.36000,20.09146,1.97600,190.30000,195.10001,199.80000,205.00000,210.00000,45.40000,0.66200,1
645,1,15.39800,799.56873,0.79800,28.24119,660.18683,660.18683,0.36000,20.03540,1.97000,190.10001,194.80000,199.80000,205.00000,209.80000,45.40000,0.66200,1
646,1,15.55600,799.56873,0.83800,28.24119,676.60406,676.60406,0.36000,20.03540,2.00000,190.10001,194.80000,199.80000,205.00000,209.80000,45.50000,0.66200,1
647,1,15.53400,799.93762,1.09400,28.24119,667.08398,666.98688,0.36000,20.05578,1.98400,190.30000,194.80000,199.80000,205.00000,209.80000,45.50000,0.66200,1
648,1,15.49400,799.56873,0.80400,28.24119,672.23260,672.23260,0.36000,20.06088,1.98600,190.30000,194.60001,199.80000,205.00000,209.80000,45.50000,0.66800,1
649,1,15.39600,799.75317,1.10600,28.24119,670.67834,670.67834,0.36000,20.09146,1.99000,190.30000,194.50000,199.80000,204.80000,209.80000,45.50000,0.66600,1
650,1,15.55600,799.56873,0.96600,28.24119,676.02118,676.02118,0.36000,20.03540,1.98800,190.10001,194.80000,199.80000,205.00000,209.80000,45.50000,0.66400,1
651,1,15.53400,799.56873,0.87600,28.24119,675.53546,675.53546,0.36000,20.06088,1.99200,190.10001,194.80000,199.80000,205.00000,209.80000,45.50000,0.66400,1
652,1,15.49400,799.56873,1.17800,28.24119,671.64978,671.64978,0.36000,20.09656,1.99400,190.00000,194.80000,199.60001,205.00000,209.80000,45.50000,0.66600,1
653,1,15.39600,799.56873,0.90400,28.24119,678.93549,678.93549,0.36000,20.09146,1.97800,190.00000,195.00000,199.60001,205.00000,209.80000,45.50000,0.66400,1
654,1,15.55600,799.56873,1.04800,28.24119,673.39832,673.39832,0.36000,20.07617,1.99400,190.00000,195.10001,199.80000,205.00000,209.80000,45.70000,0.66400,1
655,1,15.53400,799.75317,1.18200,28.24119,675.92407,675.92407,0.36000,20.07107,1.99000,189.80000,195.00000,200.10001,205.00000,209.80000,45.50000,0.66600,1
656,1,15.49200,799.56873,1.02000,28.24119,685.54126,685.54126,0.36000,20.04049,2.00200,189.60001,194.80000,199.80000,205.00000,209.80000,45.70000,0.66400,1
657,1,15.39600,799.19983,0.75400,28.24119,673.68976,673.68976,0.36000,20.05578,1.97800,189.60001,194.80000,199.80000,205.00000,209.80000,45.50000,0.66400,1
658,1,15.55800,799.56873,0.89400,28.24119,672.32977,672.32977,0.36000,20.07617,1.98600,189.80000,194.50000,199.80000,205.00000,209.80000,45.50000,0.66800,1
659,1,15.53200,799.75317,1.07600,28.24119,667.76404,667.76404,0.36000,20.10675,1.98000,189.80000,194.80000,200.00000,205.00000,209.80000,45.50000,0.66200,1
660,1,15.49400,799.75317,0.92600,28.24119,678.54694,678.54694,0.36000,20.09656,1.98200,190.00000,194.80000,200.00000,205.00000,209.80000,45.50000,0.66200,1
661,1,15.39800,799.75317,0.97000,28.24119,676.40979,676.40979,0.36000,20.05578,1.99000,190.00000,195.00000,199.80000,205.00000,209.80000,45.50000,0.66400,1
662,1,15.55600,799.56873,1.10800,28.24119,690.30127,690.10699,0.36000,20.11695,1.98800,190.00000,195.10001,200.00000,204.80000,209.80000,45.20000,0.66200,1
663,1,15.53400,799.38428,0.79600,28.24119,687.48413,686.99841,0.36000,20.08127,2.00600,190.00000,195.00000,199.80000,204.80000,209.80000,45.50000,0.66400,1
664,1,15.49400,799.19983,0.83000,28.24119,683.30695,683.30695,0.36000,20.09656,1.97800,190.00000,194.80000,199.60001,205.00000,209.80000,45.20000,0.66200,1
665,1,15.39400,799.19983,0.83200,28.24119,690.20416,690.20416,0.36000,20.08127,1.99600,190.00000,195.00000,199.80000,205.00000,209.80000,45.20000,0.66400,1
666,1,15.55600,799.38428,1.16600,28.24119,688.16412,688.16412,0.36000,20.06088,2.00200,190.00000,195.10001,200.00000,205.00000,209.80000,45.20000,0.66800,1
667,1,15.53400,799.56873,0.77000,28.24119,683.88983,683.88983,0.36000,20.09656,1.99200,189.80000,195.30000,199.80000,205.00000,209.80000,45.00000,0.66800,1
668,1,15.49400,799.56873,1.05000,28.24119,679.71265,679.71265,0.36000,20.12714,1.98800,189.80000,195.30000,200.10001,205.00000,209.80000,45.00000,0.66000,1
669,1,15.39600,799.75317,0.92000,28.24119,676.70123,676.60406,0.36000,20.07107,1.97200,189.80000,195.60001,200.10001,205.00000,209.80000,44.90000,0.66400,1
670,1,15.55600,799.75317,1.13000,28.24119,688.35840,688.35840,0.36000,20.11185,1.97600,189.60001,195.60001,200.10001,205.00000,209.80000,44.50000,0.66200,1
671,1,15.53400,799.56873,0.97600,28.24119,681.94696,681.84979,0.36000,20.08636,1.95600,189.60001,195.50000,200.10001,205.00000,209.80000,44.20000,0.66000,1
672,1,15.49400,799.56873,1.13200,28.24119,689.23273,689.03845,0.36000,20.04049,1.98200,189.60001,195.30000,200.10001,205.00000,210.00000,44.00000,0.66800,1
673,1,15.39600,799.56873,0.85800,28.24119,678.06122,678.06122,0.36000,20.09146,1.99400,189.60001,195.10001,200.00000,205.00000,210.00000,43.90000,0.66600,1
674,1,15.55600,799.56873,1.02600,28.24119,668.92975,668.92975,0.36000,20.10165,1.97000,189.80000,195.10001,199.80000,205.00000,210.00000,43.50000,0.66400,1
675,1,15.53400,799.56873,1.17200,28.24119,678.64410,678.64410,0.36000,20.07617,1.97800,189.80000,195.00000,199.80000,205.00000,210.00000,43.20000,0.66800,1
676,1,15.49400,799.38428,0.85200,28.24119,681.94696,681.94696,0.36000,20.11695,1.97200,189.80000,194.80000,199.80000,205.00000,209.80000,43.00000,0.66600,1
677,1,15.39600,799.75317,1.02800,28.24119,676.21552,676.21552,0.36000,20.08636,1.96800,189.60001,194.60001,199.80000,204.80000,209.80000,42.50000,0.66200,1
678,1,15.55600,799.19983,0.89000,28.24119,676.79834,676.79834,0.36000,20.06088,1.97800,189.60001,194.60001,199.80000,204.80000,209.80000,42.20000,0.66400,1
679,1,15.53400,799.38428,1.22200,28.24119,677.38123,677.38123,0.36000,20.02520,1.98000,189.80000,194.60001,199.80000,204.80000,209.80000,42.00000,0.66400,1
680,1,15.49400,799.38428,0.77800,28.24119,676.89551,676.89551,0.36000,20.07107,1.98800,189.60001,194.60001,199.80000,204.80000,209.80000,41.70000,0.66200,1
681,1,15.39600,799.56873,0.70200,28.24119,667.95831,667.95831,0.36000,20.10675,1.98200,189.60001,194.60001,199.80000,204.80000,209.80000,41.40000,0.66400,1
682,1,15.55400,799.38428,0.86800,28.24119,677.08978,677.08978,0.36000,20.08127,1.98000,189.60001,194.80000,199.80000,204.80000,209.80000,41.00000,0.66600,1
683,1,15.53400,799.19983,0.87400,28.24119,676.79834,676.79834,0.36000,20.11695,1.96800,189.60001,195.00000,200.00000,204.80000,209.80000,40.90000,0.66600,1
684,1,15.49400,799.56873,1.81200,28.24119,685.05554,685.05554,0.36000,20.07617,1.97400,189.60001,195.00000,200.00000,204.80000,209.80000,40.50000,0.66200,1
685,1,15.39600,799.38428,0.98200,28.24119,687.96985,687.87268,0.36000,20.06598,1.97400,189.60001,195.10001,200.00000,204.80000,209.80000,40.20000,0.66400,1
686,1,15.55600,799.38428,0.90000,28.24119,676.99261,676.99261,0.36000,20.10675,1.98000,189.80000,195.00000,199.80000,204.80000,210.00000,40.20000,0.66600,1
687,1,15.53400,799.19983,0.94600,28.24119,676.31262,676.31262,0.36000,20.09146,1.96000,189.80000,194.80000,199.80000,205.00000,210.00000,40.00000,0.66600,1
688,1,15.49400,799.38428,0.94600,28.24119,689.91272,689.91272,0.36000,20.05069,1.96800,189.60001,194.60001,199.80000,204.80000,210.00000,40.00000,0.66200,1
689,1,15.39600,799.56873,1.12200,28.24119,695.35278,695.35278,0.36000,20.03030,1.97000,189.50000,194.60001,199.80000,205.00000,209.80000,40.00000,0.66200,1
690,1,15.55600,799.38428,0.94800,28.24119,687.58130,687.28986,0.36000,20.10165,1.97200,189.50000,194.30000,199.60001,205.00000,209.80000,39.90000,0.66400,0
691,1,15.53400,799.38428,1.21200,28.24119,681.65552,681.65552,0.36000,20.13224,1.94600,189.30000,194.50000,199.80000,205.00000,209.80000,40.00000,0.66400,1
692,1,15.49400,799.19983,0.98000,28.24119,686.22125,686.22125,0.36000,20.08636,1.96200,189.30000,194.80000,199.60001,205.00000,209.80000,40.00000,0.66000,1
693,1,15.39600,799.38428,1.17600,28.24119,694.28418,694.28418,0.36000,20.00991,1.99400,189.30000,195.10001,199.80000,205.00000,209.80000,40.00000,0.66200,1
694,1,15.55600,799.38428,0.92400,28.24119,686.22125,686.22125,0.36000,20.08636,1.97200,189.50000,195.10001,199.80000,204.80000,209.80000,40.00000,0.66400,1
695,1,15.53400,799.19983,0.94800,28.24119,691.95276,691.95276,0.36000,20.10675,1.97200,189.30000,195.30000,199.80000,204.80000,209.80000,40.00000,0.66600,1
696,1,15.49400,799.56873,0.93200,28.24119,684.95844,684.95844,0.36000,20.08636,1.97200,189.50000,195.50000,200.00000,204.80000,209.80000,40.20000,0.66600,1
697,1,15.39400,799.38428,1.19600,28.24119,683.01556,683.01556,0.36000,20.07107,1.96800,189.60001,195.50000,200.10001,205.00000,209.80000,40.20000,0.66400,1
698,1,15.55600,799.38428,1.01200,28.24119,678.93549,678.93549,0.36000,20.06598,1.97800,189.60001,195.50000,200.10001,205.00000,209.80000,40.50000,0.66400,1
699,1,15.53400,799.38428,0.95000,28.24119,682.43268,682.43268,0.36000,20.08636,1.97400,189.80000,195.50000,200.10001,205.00000,209.80000,40.50000,0.66800,1
700,1,15.49600,799.38428,0.81000,28.24119,669.51257,669.31830,0.36000,20.03540,1.96800,190.00000,195.30000,200.10001,205.00000,210.00000,40.70000,0.66200,1
701,1,15.39400,799.38428,0.89800,28.24119,681.94696,681.94696,0.36000,20.04049,1.97600,190.10001,195.10001,200.00000,204.80000,210.00000,40.70000,0.66600,1
702,1,15.55600,799.38428,0.89000,28.24119,686.70697,686.70697,0.36000,20.08636,1.97600,190.10001,194.60001,199.80000,204.80000,210.00000,40.70000,0.66200,0
703,1,15.53400,799.38428,1.00200,28.24119,690.88416,690.88416,0.36000,20.02520,1.97800,190.00000,194.80000,199.80000,204.80000,210.00000,40.70000,0.66600,1
704,1,15.49400,799.38428,0.84400,28.24119,699.72418,699.72418,0.36000,20.07107,1.99600,189.80000,194.80000,199.80000,205.00000,210.00000,40.90000,0.66400,1
705,1,15.39400,799.38428,1.19000,28.24119,692.14703,692.14703,0.36000,20.10165,1.96000,189.80000,194.60001,199.60001,205.00000,209.80000,40.90000,0.66600,1
706,1,15.55600,799.38428,0.98200,28.24119,702.24994,702.24994,0.36000,20.08127,1.96600,189.80000,194.60001,199.80000,205.00000,209.80000,41.00000,0.66400,1
707,1,15.53400,799.56873,0.89800,28.24119,697.68420,697.68420,0.36000,20.09146,1.97200,190.00000,194.60001,199.80000,205.00000,210.00000,41.00000,0.66000,0
708,1,15.49400,799.19983,1.04200,28.24119,707.98138,707.98138,0.36000,20.05578,1.99400,190.10001,194.80000,199.80000,205.00000,209.80000,41.00000,0.66200,0
709,1,15.39600,799.38428,1.07200,28.24119,702.05566,702.05566,0.36000,20.03540,1.98800,190.10001,195.00000,200.00000,205.00000,210.00000,41.20000,0.66400,1
710,1,15.55600,799.19983,0.81000,28.24119,706.42712,706.42712,0.36000,20.04559,1.99000,190.00000,194.60001,200.00000,205.00000,209.80000,41.20000,0.66800,1
711,1,15.53400,799.56873,0.96400,28.24119,700.69562,700.69562,0.36000,20.07107,1.99000,190.00000,194.80000,200.00000,205.00000,209.80000,41.20000,0.66400,0
712,1,15.49400,799.19983,1.07800,28.24119,708.66138,708.66138,0.36000,20.09656,1.97600,190.00000,195.10001,200.10001,205.00000,209.80000,41.40000,0.66400,1
713,1,15.39600,799.38428,1.18200,28.24119,703.90137,703.90137,0.36000,20.05578,1.97600,189.80000,195.30000,200.10001,205.00000,209.80000,41.50000,0.66200,1
714,1,15.55600,799.19983,0.95000,28.24119,709.34143,709.34143,0.36000,20.10675,1.97400,189.80000,195.50000,200.10001,205.00000,209.80000,41.40000,0.66400,1
715,1,15.53200,799.19983,0.89000,28.24119,707.88428,707.88428,0.36000,20.07107,1.98000,190.00000,195.30000,200.10001,205.00000,209.80000,41.50000,0.66400,1
716,1,15.49400,799.38428,1.07200,28.24119,706.81567,706.81567,0.36000,20.08636,1.98400,189.80000,195.30000,200.00000,205.00000,209.80000,41.50000,0.66600,0
717,1,15.39600,799.38428,1.18200,28.24119,708.85571,708.66138,0.36000,20.06598,1.97600,189.80000,195.30000,200.00000,205.00000,209.80000,41.50000,0.66400,1
718,1,15.55600,799.38428,1.04200,28.24119,714.00427,714.00427,0.36000,20.08127,1.97800,189.80000,195.00000,200.10001,205.00000,209.80000,41.70000,0.66200,0
719,1,15.53600,799.01538,0.83400,28.24119,710.11853,710.11853,0.36000,20.09656,1.96800,189.80000,194.60001,200.00000,205.00000,209.80000,41.70000,0.66600,0
720,1,15.49200,799.19983,0.98200,28.24119,705.35852,705.35852,0.36000,20.14753,1.97200,189.80000,194.60001,200.00000,205.00000,209.80000,41.70000,0.66200,0
721,1,15.39600,799.38428,0.92800,28.24119,704.96997,704.96997,0.36000,20.08636,1.97800,189.80000,194.60001,200.00000,205.00000,210.00000,41.90000,0.66800,0
722,1,15.55600,799.19983,1.05000,28.24119,717.01575,717.01575,0.36000,20.05069,1.98000,189.80000,194.80000,200.00000,205.00000,209.80000,41.90000,0.66400,1
723,1,15.53400,799.38428,1.68200,28.24119,708.37000,708.37000,0.36000,20.02520,1.96800,189.80000,194.80000,200.00000,205.00000,209.80000,42.00000,0.66400,1
724,1,15.49400,799.19983,0.92000,28.24119,708.07855,708.07855,0.36000,20.09146,1.99400,190.00000,194.80000,200.00000,205.00000,210.00000,41.90000,0.66400,0
725,1,15.39600,799.38428,1.03800,28.24119,713.61572,713.61572,0.36000,20.07617,1.97600,189.80000,194.80000,199.80000,204.80000,210.00000,42.00000,0.66600,1
726,1,15.55600,799.19983,0.87800,28.24119,711.57568,711.57568,0.36000,20.08127,1.96800,189.80000,194.80000,200.00000,205.00000,210.00000,42.00000,0.66600,0
727,1,15.53400,799.38428,1.08200,28.24119,708.46710,708.46710,0.36000,20.10165,1.97600,190.00000,195.10001,199.80000,205.00000,210.00000,42.20000,0.66400,0
728,1,15.49400,799.56873,1.16800,28.24119,714.58716,714.58716,0.36000,20.10165,1.97400,190.00000,195.00000,199.80000,205.00000,210.00000,42.20000,0.66200,1
729,1,15.39400,799.56873,1.20600,28.24119,713.22717,713.22717,0.36000,20.05578,1.98800,189.80000,195.10001,199.80000,205.00000,210.00000,42.20000,0.66400,0
730,1,15.55600,799.38428,1.08800,28.24119,707.30139,707.30139,0.36000,20.03030,1.98200,190.00000,194.80000,199.80000,205.00000,210.00000,42.20000,0.66600,0
731,1,15.53400,799.19983,0.94600,28.24119,704.09564,704.09564,0.36000,20.12204,1.98800,189.80000,194.80000,199.80000,205.00000,210.00000,42.20000,0.66600,0
732,1,15.49400,799.19983,0.87600,28.24119,712.64429,712.64429,0.36000,20.11695,1.97800,190.00000,194.80000,200.00000,205.00000,209.80000,42.40000,0.66200,1
733,1,15.39600,799.38428,1.34000,28.24119,711.47858,711.47858,0.36000,20.10675,1.97200,190.00000,194.80000,199.80000,205.00000,210.00000,42.50000,0.66600,1
734,1,15.55600,799.38428,0.91400,28.24119,713.51855,713.51855,0.36000,20.11185,1.97800,189.80000,194.80000,200.00000,205.00000,210.00000,42.50000,0.66600,0
735,1,15.53400,799.38428,1.28000,28.24119,705.74713,705.74713,0.36000,20.11695,1.97600,190.10001,194.80000,200.00000,205.00000,210.00000,42.50000,0.66400,1
736,1,15.49400,799.19983,1.02200,28.24119,707.49567,707.49567,0.36000,20.10165,1.98200,190.10001,194.80000,199.80000,205.00000,209.80000,42.50000,0.66400,1
737,1,15.39600,799.01538,0.89800,28.24119,703.22137,703.22137,0.36000,20.10675,1.96600,190.00000,194.60001,199.80000,204.80000,209.80000,42.50000,0.66400,0
738,1,15.55600,799.38428,1.17000,28.24119,709.14709,709.14709,0.36000,20.12204,1.96400,190.00000,195.00000,199.80000,204.80000,209.80000,42.50000,0.66200,1
739,1,15.53400,799.38428,0.97600,28.24119,707.30139,707.30139,0.36000,20.12204,1.97000,189.80000,195.00000,200.00000,204.80000,209.80000,42.70000,0.66400,1
740,1,15.49400,799.19983,0.97400,28.24119,703.41565,703.41565,0.36000,20.05069,1.98000,189.60001,194.80000,199.80000,205.00000,209.80000,42.70000,0.66400,0
741,1,15.39600,799.19983,0.89000,28.24119,705.55280,705.55280,0.36000,20.05069,1.98600,189.60001,194.80000,199.80000,205.00000,209.80000,42.70000,0.66400,1
742,1,15.55600,799.19983,0.97800,28.24119,708.95282,708.95282,0.36000,20.12204,1.96400,189.60001,195.00000,200.00000,205.00000,209.80000,42.90000,0.66400,1
743,1,15.53400,799.01538,0.95000,28.24119,705.45569,705.45569,0.36000,20.06598,1.96600,189.80000,195.10001,200.00000,205.00000,209.80000,43.00000,0.66400,0
744,1,15.49400,799.19983,1.07000,28.24119,713.61572,713.61572,0.36000,20.11695,1.97800,190.00000,195.30000,200.10001,205.00000,210.00000,43.00000,0.66800,1
745,1,15.39600,799.19983,1.55200,28.24119,705.26141,705.26141,0.36000,20.10675,1.97000,190.00000,195.60001,200.10001,205.00000,209.80000,43.20000,0.66600,1
746,1,15.55600,799.19983,0.84400,28.24119,714.39288,714.39288,0.36000,20.05578,1.96800,190.10001,195.60001,200.10001,205.00000,209.80000,43.20000,0.66200,1
747,1,15.53400,799.38428,0.97800,28.24119,709.82715,709.82715,0.36000,20.08127,1.98400,190.10001,195.50000,200.00000,205.00000,209.80000,43.20000,0.66400,0
748,1,15.49400,799.19983,0.94200,28.24119,703.70709,703.70709,0.36000,20.08636,1.98400,190.10001,195.50000,200.10001,205.00000,209.80000,43.20000,0.66000,0
749,1,15.39600,799.19983,0.86800,28.24119,708.27283,708.27283,0.36000,20.09656,1.97400,190.10001,195.30000,200.00000,205.00000,209.80000,43.20000,0.66600,1
750,1,15.55600,799.19983,0.88000,28.24119,715.36432,715.36432,0.36000,20.08636,1.97200,190.00000,195.10001,199.80000,205.00000,209.80000,43.40000,0.66400,1
751,1,15.53400,799.38428,1.28200,28.24119,712.74146,712.74146,0.36000,20.09146,1.97800,190.00000,195.10001,199.80000,205.00000,209.80000,43.40000,0.66600,0
752,1,15.49600,799.38428,1.05200,28.24119,707.88428,707.88428,0.36000,20.11185,1.96400,190.10001,195.10001,199.80000,204.80000,209.80000,43.40000,0.66600,1
753,1,15.39600,799.38428,0.93400,28.24119,710.31287,710.31287,0.36000,20.13224,1.97800,190.10001,195.10001,199.60001,204.80000,209.80000,43.40000,0.66200,1
754,1,15.55400,799.19983,1.26400,28.24119,706.91284,706.91284,0.36000,20.04049,1.98400,190.10001,195.00000,199.80000,204.80000,209.80000,43.50000,0.66200,1
755,1,15.53400,799.01538,1.04800,28.24119,705.74713,705.74713,0.36000,20.12204,1.99200,190.10001,195.00000,199.80000,204.80000,209.80000,43.50000,0.66200,1
756,1,15.49400,799.19983,1.02000,28.24119,708.46710,708.46710,0.36000,20.07617,1.99600,190.10001,195.00000,199.80000,205.00000,210.00000,43.50000,0.66400,1
757,1,15.39600,799.01538,1.13400,28.24119,704.96997,704.96997,0.36000,20.07617,1.98000,190.30000,195.00000,200.00000,205.00000,210.00000,43.50000,0.66400,0
758,1,15.55600,799.19983,0.95600,28.24119,714.97571,714.97571,0.36000,20.11185,1.98600,190.10001,194.80000,200.10001,205.00000,210.00000,43.70000,0.66200,0
759,1,15.53400,799.19983,0.93200,28.24119,710.99286,710.99286,0.36000,20.07617,1.98800,189.80000,194.60001,200.00000,205.00000,209.80000,43.50000,0.66200,1
760,1,15.49400,799.01538,0.84600,28.24119,704.87280,704.87280,0.36000,20.11695,1.97400,189.80000,195.00000,199.80000,205.00000,209.80000,43.70000,0.66600,1
761,1,15.39600,799.19983,1.05200,28.24119,711.18713,711.18713,0.36000,20.16282,1.98400,189.80000,195.10001,200.00000,205.00000,209.80000,43.70000,0.66200,1
762,1,15.55600,799.01538,1.02800,28.24119,702.83282,702.83282,0.36000,20.12204,1.96000,189.80000,195.10001,199.80000,205.00000,209.80000,43.70000,0.66600,1
763,1,15.53400,799.19983,0.93000,28.24119,717.11292,717.11292,0.36000,20.12204,1.97000,189.80000,195.10001,199.80000,204.80000,209.80000,43.70000,0.66400,1
764,1,15.49400,799.38428,1.09400,28.24119,708.46710,708.46710,0.36000,20.11185,1.96600,189.80000,195.10001,199.80000,204.80000,209.80000,43.90000,0.66400,1
765,1,15.39600,799.56873,0.96000,28.24119,710.99286,710.99286,0.36000,20.14753,1.97200,190.00000,195.00000,199.80000,204.80000,209.80000,43.90000,0.66600,0
766,1,15.55400,799.19983,0.88400,28.24119,708.85571,708.85571,0.36000,20.10675,1.98000,190.00000,195.00000,200.00000,205.00000,210.00000,44.00000,0.66600,0
767,1,15.53400,799.01538,0.88600,28.24119,715.07288,714.87860,0.36000,20.16282,1.98800,190.00000,194.80000,200.00000,205.00000,209.80000,44.00000,0.66400,1
768,1,15.49400,799.19983,0.88400,28.24119,710.21570,710.21570,0.36000,20.09146,1.97400,190.10001,194.80000,199.80000,205.00000,210.00000,44.20000,0.66600,1
769,1,15.39600,799.19983,0.98800,28.24119,709.14709,709.14709,0.36000,20.10165,1.98600,190.10001,195.00000,199.80000,205.00000,210.00000,44.20000,0.66000,0
770,1,15.55600,799.19983,1.29800,28.24119,714.87860,714.78143,0.36000,20.12714,1.98200,190.10001,195.00000,199.80000,205.00000,210.00000,44.20000,0.66600,0
771,1,15.53400,799.19983,0.89600,28.24119,697.00421,697.00421,0.36000,20.09146,1.97400,190.10001,194.60001,199.80000,205.00000,210.00000,44.20000,0.66600,1
772,1,15.49400,799.19983,0.89400,28.24119,706.42712,706.42712,0.36000,20.09146,1.98400,190.00000,194.60001,199.80000,205.00000,209.80000,44.20000,0.66800,0
773,1,15.39600,799.19983,1.00000,28.24119,708.66138,708.66138,0.36000,20.08636,1.96800,189.80000,194.80000,199.80000,205.00000,210.00000,44.20000,0.66400,0
774,1,15.55800,799.19983,1.27800,28.24119,716.91858,716.91858,0.36000,20.09656,1.99600,189.80000,195.00000,200.10001,205.00000,210.00000,44.20000,0.66400,0
775,1,15.53400,799.19983,0.92800,28.24119,717.40430,717.40430,0.36000,20.11695,1.99200,189.80000,195.00000,200.00000,205.00000,210.00000,44.40000,0.66200,1
776,1,15.49400,799.38428,1.28800,28.24119,711.86713,711.67285,0.36000,20.10675,1.98200,189.80000,195.10001,200.00000,205.00000,210.00000,44.20000,0.66400,0
777,1,15.39600,799.01538,0.88400,28.24119,713.71289,713.71289,0.36000,20.11185,1.98000,190.00000,195.30000,200.00000,205.00000,209.80000,44.40000,0.66200,0
502,2,15.55800,800.85986,0.62800,28.24119,567.70630,567.70630,0.36000,19.96404,1.92400,187.50000,193.30000,199.50000,204.80000,209.80000,44.20000,0.66400,1
503,2,15.54000,800.67542,0.78200,28.24119,600.05505,600.05505,0.36000,19.95385,1.92800,187.10001,192.60001,199.10001,204.80000,209.80000,43.90000,0.66600,1
504,2,15.49600,800.67542,0.68200,28.24119,623.95233,623.95233,0.36000,19.98443,1.94600,187.10001,191.80000,198.80000,204.80000,209.80000,43.50000,0.66000,1
505,2,15.39600,800.49097,0.67800,28.24119,638.91241,638.91241,0.36000,20.00482,1.97200,187.00000,191.30000,198.50000,205.00000,209.80000,43.40000,0.66200,1
506,2,15.56000,800.67542,0.68400,28.24119,649.50104,649.50104,0.36000,20.06088,1.99200,187.00000,190.60001,198.10001,205.00000,209.80000,43.00000,0.66400,1
507,2,15.53400,800.67542,0.69200,28.24119,640.07813,640.07813,0.36000,20.13224,1.98800,187.00000,190.50000,198.10001,205.00000,210.00000,42.90000,0.66400,1
508,2,15.49600,800.85986,0.69000,28.24119,647.26672,647.26672,0.36000,20.19340,1.99400,187.10001,190.50000,198.10001,204.80000,209.80000,42.50000,0.66200,1
509,2,15.39600,800.85986,0.61000,28.24119,647.36389,647.36389,0.36000,20.16791,2.00000,187.10001,190.60001,198.10001,204.80000,210.00000,42.20000,0.66400,1
510,2,15.55600,800.85986,0.69800,28.24119,652.70679,652.70679,0.36000,20.14753,2.00400,187.10001,191.00000,198.10001,204.80000,209.80000,41.90000,0.66200,1
511,2,15.53400,801.04431,0.74400,28.24119,661.44971,661.44971,0.36000,20.16791,2.01400,187.10001,191.30000,198.30000,204.80000,209.80000,41.70000,0.66600,1
512,2,15.49400,801.22870,0.97600,28.24119,669.31830,669.31830,0.36000,20.14243,2.00600,187.30000,191.30000,198.50000,204.80000,210.00000,41.20000,0.66600,1
513,2,15.39600,801.22870,0.79200,28.24119,669.02686,669.02686,0.36000,20.14243,1.99800,187.30000,191.60001,198.50000,204.80000,210.00000,41.20000,0.66600,1
514,2,15.55600,801.22870,1.36200,28.24119,670.58118,670.58118,0.36000,20.16282,2.02200,187.30000,192.00000,198.60001,204.80000,210.00000,41.00000,0.66600,1
515,2,15.53400,801.22870,0.74400,28.24119,666.20972,666.20972,0.36000,20.17301,2.01000,187.30000,192.10001,198.50000,205.00000,210.00000,40.70000,0.66200,1
516,2,15.49400,801.04431,0.82000,28.24119,667.76404,667.76404,0.36000,20.17301,1.99200,187.30000,192.50000,198.60001,205.00000,210.00000,40.50000,0.66200,1
517,2,15.39600,801.41315,0.82200,28.24119,670.58118,670.58118,0.36000,20.18320,1.99200,187.10001,192.50000,198.60001,205.00000,210.00000,40.40000,0.66600,1
518,2,15.55600,801.41315,0.88000,28.24119,663.00397,663.00397,0.36000,20.12714,2.00800,187.30000,192.30000,198.50000,205.00000,210.00000,40.20000,0.66400,1
519,2,15.53400,801.41315,0.70600,28.24119,664.84973,664.84973,0.36000,20.12204,1.98800,187.50000,192.60001,198.60001,204.80000,210.00000,40.20000,0.66200,1
520,2,15.49400,801.41315,0.75800,28.24119,667.27832,667.27832,0.36000,20.18830,1.99400,187.60001,192.80000,198.80000,204.80000,210.00000,40.00000,0.65800,1
521,2,15.39600,801.59760,0.83000,28.24119,663.68402,663.68402,0.36000,20.14753,1.99200,187.80000,192.60001,198.80000,204.80000,210.00000,40.20000,0.66400,1
522,2,15.55400,801.41315,0.74600,28.24119,652.80396,652.80396,0.36000,20.11695,1.98400,188.10001,192.60001,199.00000,204.80000,209.80000,40.20000,0.66600,1
523,2,15.53400,801.41315,0.85600,28.24119,659.02112,658.63251,0.36000,20.13733,2.00000,188.30000,193.00000,198.80000,204.80000,210.00000,40.20000,0.66200,1
524,2,15.49400,801.41315,0.79000,28.24119,656.10681,656.10681,0.36000,20.04049,2.01600,188.50000,193.10001,199.00000,205.00000,210.00000,40.50000,0.66200,1
525,2,15.39600,801.41315,0.84000,28.24119,660.08966,660.08966,0.36000,20.07617,2.01800,188.60001,193.30000,199.10001,205.00000,210.00000,40.50000,0.66600,1
526,2,15.55600,801.22870,0.69200,28.24119,659.99255,659.89539,0.36000,20.11695,2.01600,188.60001,193.30000,199.30000,205.00000,210.00000,40.50000,0.66000,1
527,2,15.53400,801.59760,0.77000,28.24119,651.92963,651.92963,0.36000,20.12204,1.98800,188.60001,193.50000,199.30000,205.00000,210.00000,40.70000,0.66000,1
528,2,15.49400,801.41315,0.74200,28.24119,660.67255,660.67255,0.36000,20.12204,1.98800,188.80000,193.60001,199.30000,205.00000,210.00000,40.70000,0.66400,1
529,2,15.39800,801.41315,0.88200,28.24119,652.70679,652.70679,0.36000,20.01501,1.99800,188.80000,193.60001,199.30000,205.00000,210.00000,40.90000,0.66400,1
530,2,15.55400,801.59760,0.94400,28.24119,661.06110,661.06110,0.36000,20.11185,2.00800,188.80000,193.80000,199.60001,205.00000,210.00000,40.70000,0.66800,0
531,2,15.53400,801.41315,0.69200,28.24119,654.74677,654.74677,0.36000,20.07107,2.01000,188.60001,193.80000,199.30000,205.10001,210.00000,40.90000,0.66600,1
532,2,15.49400,801.59760,0.94400,28.24119,642.70099,642.70099,0.36000,20.10675,1.98800,188.80000,194.10001,199.60001,205.00000,210.00000,40.90000,0.66600,1
533,2,15.39600,801.41315,0.77600,28.24119,640.85529,640.85529,0.36000,20.07617,1.98000,189.00000,194.30000,199.60001,205.00000,210.00000,41.00000,0.66200,1
534,2,15.55600,801.22870,0.77600,28.24119,647.07245,647.07245,0.36000,20.13733,1.98000,189.10001,194.60001,199.60001,205.00000,210.00000,41.00000,0.66200,1
535,2,15.53400,801.22870,0.75200,28.24119,639.88385,639.88385,0.36000,20.10675,1.98000,189.30000,194.60001,199.80000,205.00000,210.00000,41.20000,0.66800,1
536,2,15.49400,801.59760,0.95800,28.24119,640.56384,640.56384,0.36000,20.12204,1.96200,189.10001,194.60001,199.80000,205.00000,210.00000,41.20000,0.66200,1
537,2,15.39600,801.59760,1.00400,28.24119,635.60956,635.60956,0.36000,20.09146,1.97000,189.10001,194.60001,199.60001,205.00000,210.00000,41.20000,0.66400,0
538,2,15.55600,801.41315,0.90000,28.24119,632.98669,632.98669,0.36000,20.13224,1.98000,189.30000,194.60001,199.60001,205.10001,210.00000,41.20000,0.66400,1
539,2,15.53400,801.59760,1.05400,28.24119,638.62097,638.32953,0.36000,20.10675,1.97200,189.30000,194.60001,199.80000,205.00000,210.00000,41.20000,0.66400,0
540,2,15.49400,801.59760,0.86000,28.24119,633.18097,633.18097,0.36000,20.11695,1.98400,189.50000,194.60001,200.00000,205.00000,210.00000,41.40000,0.66600,0
541,2,15.39600,801.59760,0.94600,28.24119,635.80383,635.70667,0.36000,20.09656,1.97800,189.50000,194.60001,199.80000,205.00000,210.00000,41.50000,0.66200,1
542,2,15.55800,801.59760,1.05200,28.24119,633.08380,633.08380,0.36000,20.11695,1.97400,189.50000,194.60001,199.60001,205.00000,209.80000,41.40000,0.66600,0
543,2,15.53400,801.59760,0.74600,28.24119,636.77527,636.67810,0.36000,20.11185,1.98800,189.60001,194.60001,199.80000,205.00000,209.80000,41.50000,0.66600,0
544,2,15.49400,801.22870,0.75000,28.24119,629.10095,629.10095,0.36000,20.05069,1.97400,189.60001,194.60001,199.80000,205.00000,209.80000,41.50000,0.66200,0
545,2,15.39600,801.59760,1.07600,28.24119,632.79236,632.79236,0.36000,20.06088,1.98800,189.60001,194.60001,199.80000,205.00000,209.80000,41.70000,0.66400,1
546,2,15.55600,801.41315,1.00600,28.24119,633.37524,633.37524,0.36000,20.13733,1.98600,189.80000,194.60001,199.80000,205.00000,209.80000,41.70000,0.66200,0
547,2,15.53400,801.78204,0.84400,28.24119,634.05524,634.05524,0.36000,20.11695,1.96600,190.00000,194.80000,199.80000,204.80000,209.80000,41.70000,0.67000,1
548,2,15.49200,801.41315,1.07200,28.24119,631.62665,631.62665,0.36000,20.07107,1.98000,190.00000,194.60001,199.80000,205.00000,209.80000,41.90000,0.66400,0
549,2,15.39600,801.41315,1.02400,28.24119,635.80383,635.80383,0.36000,20.05578,1.98800,190.00000,194.60001,200.00000,205.00000,209.80000,41.90000,0.66200,0
550,2,15.55600,801.41315,1.07800,28.24119,641.92389,641.92389,0.36000,20.06088,1.99600,190.00000,194.50000,200.10001,205.00000,209.80000,42.00000,0.66800,0
551,2,15.53400,801.04431,0.90200,28.24119,632.01526,632.01526,0.36000,19.99462,1.97200,190.00000,194.30000,200.10001,205.10001,209.80000,42.00000,0.66400,0
552,2,15.49400,801.22870,0.84000,28.24119,646.78101,646.78101,0.36000,20.04049,1.99200,190.00000,194.60001,200.10001,205.00000,209.80000,42.00000,0.66200,0
553,2,15.39600,801.04431,0.84600,28.24119,650.66675,650.66675,0.36000,20.09146,1.99400,190.10001,194.80000,200.00000,205.00000,209.80000,42.00000,0.66000,0
554,2,15.55600,801.04431,1.17600,28.24119,646.48962,646.48962,0.36000,20.03030,1.97600,190.10001,194.60001,199.80000,205.00000,209.80000,42.20000,0.66400,0
555,2,15.53200,801.22870,1.03600,28.24119,644.64386,644.64386,0.36000,20.06598,1.97000,190.00000,195.00000,199.80000,204.80000,209.80000,42.20000,0.66600,0
556,2,15.49400,801.04431,0.74600,28.24119,637.84381,636.77527,0.36000,20.07617,1.99000,190.00000,195.10001,199.60001,204.80000,209.80000,42.20000,0.66800,1
557,2,15.39600,801.04431,0.83600,28.24119,646.48962,646.48962,0.36000,20.07617,1.97800,190.00000,194.80000,199.60001,204.80000,209.80000,42.40000,0.66400,0
558,2,15.55600,801.04431,0.83200,28.24119,636.87238,636.87238,0.36000,20.07107,1.96400,189.80000,194.80000,199.80000,205.00000,209.80000,42.20000,0.66600,1
559,2,15.53400,801.04431,0.94800,28.24119,649.11249,649.11249,0.36000,20.06598,1.98400,190.00000,194.80000,199.80000,205.00000,209.80000,42.50000,0.66000,1
560,2,15.49400,801.04431,0.98200,28.24119,640.36957,640.36957,0.36000,20.05578,1.99400,190.00000,194.80000,199.80000,205.10001,209.80000,42.50000,0.66000,0
561,2,15.39800,800.85986,0.92400,28.24119,635.31812,635.31812,0.36000,20.05069,1.97800,190.00000,194.60001,199.80000,205.00000,209.80000,42.50000,0.66200,1
562,2,15.55600,800.67542,1.06400,28.24119,648.52960,648.52960,0.36000,20.10675,1.97200,190.10001,194.60001,199.80000,205.00000,209.80000,42.50000,0.66200,1
563,2,15.53400,800.85986,0.79600,28.24119,639.68958,639.68958,0.36000,20.06088,1.96400,190.00000,194.80000,200.00000,205.00000,209.80000,42.70000,0.66400,0
564,2,15.49400,800.85986,0.93600,28.24119,643.38104,643.38104,0.36000,20.07617,1.98600,190.10001,194.80000,199.80000,205.00000,209.80000,42.70000,0.66000,1
565,2,15.39600,800.85986,0.86600,28.24119,645.80957,645.80957,0.36000,20.07107,1.97600,190.00000,195.00000,199.80000,204.80000,209.80000,42.70000,0.66400,0
566,2,15.55600,800.67542,0.79200,28.24119,644.93530,644.93530,0.36000,20.02011,1.98200,190.00000,195.00000,200.00000,205.00000,209.80000,42.70000,0.66200,1
567,2,15.53400,800.67542,0.88400,28.24119,639.30096,639.30096,0.36000,20.02520,1.97000,190.10001,195.10001,200.00000,205.00000,209.80000,42.90000,0.66200,1
568,2,15.49400,800.67542,1.22200,28.24119,648.14105,648.14105,0.36000,20.04049,1.99400,190.10001,195.00000,200.10001,205.00000,209.80000,42.90000,0.66200,0
569,2,15.39600,800.85986,1.09000,28.24119,642.11816,642.11816,0.36000,20.02011,1.98800,190.10001,194.80000,200.10001,205.00000,209.80000,43.00000,0.66600,0
570,2,15.55600,800.67542,0.92200,28.24119,637.16382,637.06671,0.36000,20.00991,1.98400,190.10001,194.80000,200.00000,205.00000,209.80000,42.90000,0.66200,1
571,2,15.53400,800.85986,1.08800,28.24119,646.39246,646.39246,0.36000,20.03030,2.00200,190.10001,195.00000,200.00000,205.00000,210.00000,43.00000,0.66200,0
572,2,15.49400,800.85986,0.97600,28.24119,641.34100,641.34100,0.36000,20.07617,1.99200,190.10001,195.10001,200.10001,205.00000,210.00000,43.00000,0.66800,0
573,2,15.39600,800.49097,0.82800,28.24119,641.72955,641.72955,0.36000,20.07617,1.98800,190.10001,195.00000,199.80000,205.00000,210.00000,43.20000,0.66200,1
574,2,15.55600,800.85986,1.07600,28.24119,649.50104,649.50104,0.36000,20.07617,2.00000,190.10001,194.80000,200.10001,205.00000,210.00000,43.20000,0.66200,1
575,2,15.53400,800.49097,0.87600,28.24119,646.68390,646.68390,0.36000,20.01501,1.99600,190.00000,194.80000,200.10001,205.00000,210.00000,43.00000,0.66000,1
576,2,15.49200,800.67542,1.13200,28.24119,644.93530,644.93530,0.36000,20.03030,2.01000,190.10001,194.80000,200.10001,205.00000,210.00000,43.20000,0.66200,1
577,2,15.39600,800.49097,0.90200,28.24119,646.68390,646.68390,0.36000,20.04049,2.00200,190.00000,194.60001,199.80000,205.00000,210.00000,43.20000,0.66400,0
578,2,15.55600,800.30652,0.88000,28.24119,647.07245,647.07245,0.36000,20.08636,1.98000,189.80000,194.60001,199.80000,205.00000,210.00000,43.50000,0.66200,0
579,2,15.53400,800.30652,0.94600,28.24119,660.28400,660.28400,0.36000,20.05578,1.99600,189.80000,194.80000,199.60001,205.00000,209.80000,43.50000,0.66200,1
580,2,15.49400,800.85986,1.20600,28.24119,659.99255,659.99255,0.36000,20.07617,1.98200,190.00000,195.10001,199.80000,204.80000,209.80000,43.40000,0.66400,1
581,2,15.39600,800.49097,0.86600,28.24119,656.88397,656.88397,0.36000,20.10165,1.99600,190.00000,195.10001,199.80000,204.80000,209.80000,43.50000,0.66200,1
582,2,15.55800,800.49097,0.86600,28.24119,650.76392,650.76392,0.36000,20.08127,1.95800,190.00000,195.30000,200.00000,205.00000,209.80000,43.50000,0.66200,0
583,2,15.53400,800.49097,0.86200,28.24119,660.96399,660.96399,0.36000,20.07107,1.99800,189.80000,195.30000,200.10001,205.00000,209.80000,43.70000,0.66600,0
584,2,15.49200,800.49097,0.86400,28.24119,641.72955,641.43817,0.36000,20.10165,1.97600,189.80000,195.10001,200.00000,205.00000,209.80000,43.70000,0.66200,0
585,2,15.39600,800.67542,0.88200,28.24119,639.20386,639.20386,0.36000,20.06598,1.97600,189.80000,195.30000,200.10001,205.00000,209.80000,43.70000,0.66400,0
586,2,15.55600,800.30652,0.92200,28.24119,648.91821,648.91821,0.36000,20.10675,1.97200,189.80000,195.30000,200.00000,205.10001,210.00000,43.90000,0.66600,0
587,2,15.53400,800.67542,0.93400,28.24119,646.00391,646.00391,0.36000,20.06598,1.99000,189.60001,195.10001,200.10001,205.00000,209.80000,43.90000,0.66200,0
588,2,15.49400,800.67542,1.18800,28.24119,633.95807,633.95807,0.36000,20.13224,1.96000,189.80000,194.80000,200.00000,205.00000,209.80000,43.90000,0.66200,0
589,2,15.39600,800.49097,0.81400,28.24119,633.66669,633.66669,0.36000,20.08636,1.96000,189.80000,194.80000,200.00000,205.00000,209.80000,43.70000,0.66400,1
590,2,15.55600,800.30652,0.90000,28.24119,641.53528,641.53528,0.36000,20.09656,1.96200,189.80000,194.60001,199.80000,204.80000,209.80000,44.00000,0.66400,1
591,2,15.53200,800.49097,0.83600,28.24119,637.94098,637.94098,0.36000,20.07617,1.96400,189.80000,194.50000,200.00000,204.80000,209.80000,43.90000,0.66600,0
592,2,15.49400,800.30652,0.82800,28.24119,639.98102,639.98102,0.36000,20.04049,1.97600,190.00000,194.80000,200.10001,204.80000,209.80000,44.00000,0.66200,0
593,2,15.39600,800.49097,0.84200,28.24119,650.76392,650.76392,0.36000,19.98443,1.99800,190.00000,194.60001,200.10001,205.00000,209.80000,44.00000,0.66400,1
594,2,15.55800,800.49097,0.88000,28.24119,643.28387,643.28387,0.36000,19.98953,1.99200,190.10001,194.60001,200.00000,205.00000,209.80000,44.00000,0.66400,0
595,2,15.53400,800.49097,0.83200,28.24119,645.71246,645.71246,0.36000,20.08127,1.98200,190.10001,194.60001,200.00000,205.10001,209.80000,44.00000,0.66200,1
596,2,15.49400,800.49097,0.95800,28.24119,655.42682,655.42682,0.36000,20.03540,1.97200,190.10001,194.80000,200.00000,205.00000,209.80000,44.00000,0.66600,1
597,2,15.39600,800.67542,1.34400,28.24119,662.90686,662.90686,0.36000,20.04049,1.98800,190.00000,195.10001,200.00000,205.00000,209.80000,44.00000,0.66600,0
598,2,15.55800,800.30652,0.84400,28.24119,664.84973,664.84973,0.36000,20.02520,1.99000,190.00000,195.00000,199.80000,205.00000,210.00000,44.00000,0.66200,0
599,2,15.53400,800.30652,0.83400,28.24119,657.66107,657.66107,0.36000,20.05578,1.97800,190.00000,195.10001,199.80000,204.80000,210.00000,44.00000,0.66200,1
600,2,15.49400,800.49097,1.08800,28.24119,663.78113,663.78113,0.36000,20.05069,1.98600,190.00000,195.10001,199.80000,204.80000,209.80000,44.00000,0.66800,1
601,2,15.39600,800.30652,0.89600,28.24119,656.10681,656.10681,0.36000,20.00482,1.97800,190.10001,194.80000,199.80000,204.80000,209.80000,44.20000,0.66600,1
602,2,15.55600,800.30652,1.10400,28.24119,673.20404,673.20404,0.36000,20.04559,1.99600,189.80000,194.80000,199.80000,205.00000,209.80000,44.20000,0.66600,0
603,2,15.53400,800.30652,1.08600,28.24119,666.11255,666.11255,0.36000,20.08636,1.98400,190.00000,195.00000,199.60001,205.00000,209.80000,44.20000,0.66600,1
604,2,15.49400,800.49097,1.05200,28.24119,660.08966,660.08966,0.36000,19.98953,1.98600,190.00000,195.10001,199.80000,205.00000,209.80000,44.20000,0.66600,1
605,2,15.39600,800.30652,0.97000,28.24119,665.62683,665.62683,0.36000,20.07617,2.00400,189.80000,195.10001,200.10001,205.00000,209.80000,44.20000,0.66400,1
606,2,15.55600,800.30652,1.09600,28.24119,675.24408,675.24408,0.36000,20.06088,1.98400,189.80000,195.10001,200.00000,205.00000,209.80000,44.20000,0.66800,1
607,2,15.53400,800.30652,1.18400,28.24119,672.03833,672.03833,0.36000,20.08127,1.98600,189.60001,195.10001,200.10001,204.80000,209.80000,44.40000,0.66200,1
608,2,15.49400,800.49097,1.03600,28.24119,671.55261,671.55261,0.36000,20.04049,1.98600,189.80000,195.30000,200.10001,205.00000,209.80000,44.20000,0.66400,1
609,2,15.39600,799.93762,0.95200,28.24119,667.66687,667.66687,0.36000,20.08127,1.97400,189.80000,195.30000,200.00000,205.00000,209.80000,44.40000,0.66200,0
610,2,15.55600,800.12207,0.88000,28.24119,675.04980,675.04980,0.36000,19.99462,1.98200,189.80000,195.30000,199.80000,205.00000,210.00000,44.50000,0.66600,0
611,2,15.53400,800.30652,0.79000,28.24119,670.38690,670.38690,0.36000,20.09656,1.97600,189.80000,195.30000,200.10001,205.00000,209.80000,44.50000,0.66200,0
612,2,15.49400,800.30652,0.92200,28.24119,670.19263,670.19263,0.36000,20.08636,1.96000,189.80000,195.30000,200.10001,205.00000,210.00000,44.50000,0.66800,1
613,2,15.39600,800.12207,1.12200,28.24119,672.42688,672.42688,0.36000,20.10165,1.98400,189.80000,195.30000,200.00000,205.00000,210.00000,44.50000,0.66200,1
614,2,15.55600,800.12207,0.89200,28.24119,655.23248,655.23248,0.36000,20.08127,1.98000,189.80000,195.10001,200.10001,205.00000,210.00000,44.50000,0.66400,1
615,2,15.53400,800.12207,0.95000,28.24119,668.63831,668.63831,0.36000,20.11695,1.97400,189.60001,194.80000,200.10001,205.00000,210.00000,44.50000,0.66400,1
616,2,15.49400,800.12207,1.00600,28.24119,655.81537,655.81537,0.36000,20.08636,1.96000,189.80000,195.10001,200.00000,205.00000,210.00000,44.50000,0.66400,1
617,2,15.39600,799.93762,1.19000,28.24119,660.28400,660.28400,0.36000,20.13224,1.96600,189.80000,195.10001,200.10001,205.00000,210.00000,44.50000,0.66200,1
618,2,15.55600,799.75317,0.92000,28.24119,663.78113,663.78113,0.36000,20.10165,1.96800,189.80000,195.10001,200.00000,204.80000,210.00000,44.50000,0.66400,1
619,2,15.53400,799.93762,0.89000,28.24119,642.50671,642.50671,0.36000,20.10675,1.95000,190.00000,195.10001,200.00000,204.80000,209.80000,44.70000,0.66200,1
620,2,15.49600,799.93762,0.75600,28.24119,648.91821,648.91821,0.36000,20.05578,1.97600,190.10001,195.10001,199.80000,204.80000,209.80000,44.70000,0.66600,1
621,2,15.39600,799.93762,1.33800,28.24119,652.70679,652.70679,0.36000,20.05578,1.97400,190.10001,194.80000,199.80000,205.00000,209.80000,44.70000,0.66800,1
622,2,15.55600,799.75317,0.82800,28.24119,664.46112,664.46112,0.36000,20.09146,1.98000,190.00000,194.60001,199.80000,205.00000,209.80000,44.70000,0.66600,1
623,2,15.53400,799.75317,0.87800,28.24119,659.50684,659.50684,0.36000,20.05069,1.97000,189.80000,194.80000,199.80000,205.00000,209.80000,44.70000,0.66400,1
624,2,15.49400,799.75317,0.93400,28.24119,666.69543,666.69543,0.36000,20.05069,1.98200,190.00000,194.60001,199.80000,205.00000,209.80000,44.70000,0.66200,1
625,2,15.39600,799.93762,1.14600,28.24119,669.41547,669.41547,0.36000,20.06598,1.98600,189.80000,194.60001,199.80000,205.00000,210.00000,44.90000,0.66400,1
626,2,15.55400,799.75317,0.91000,28.24119,669.90118,669.60974,0.36000,20.08127,1.98000,189.80000,194.60001,199.80000,205.00000,210.00000,44.90000,0.66200,1
627,2,15.53400,799.93762,0.95000,28.24119,671.45544,671.35834,0.36000,20.07617,1.97600,189.80000,194.60001,199.80000,205.00000,209.80000,44.90000,0.66600,1
628,2,15.49400,799.56873,1.26200,28.24119,678.44977,678.44977,0.36000,20.08636,1.98200,189.80000,194.60001,199.80000,204.80000,209.80000,45.00000,0.66200,1
629,2,15.39600,799.56873,1.27800,28.24119,669.02686,669.02686,0.36000,20.09656,1.97000,189.80000,194.60001,199.80000,205.00000,209.80000,45.00000,0.66200,1
630,2,15.55600,799.56873,1.07200,28.24119,664.07257,664.07257,0.36000,20.08636,1.97000,189.80000,194.80000,199.80000,205.00000,209.80000,45.00000,0.66400,1
631,2,15.53400,799.75317,0.92600,28.24119,671.74689,671.74689,0.36000,20.05578,1.97200,189.80000,194.80000,199.80000,205.00000,209.80000,45.20000,0.66200,1
632,2,15.49400,799.75317,1.09600,28.24119,690.68988,690.68988,0.36000,20.08636,1.98000,189.80000,195.00000,199.80000,205.00000,209.80000,45.00000,0.66600,1
633,2,15.39600,799.75317,0.86800,28.24119,668.83258,668.83258,0.36000,20.07617,1.97600,189.80000,195.00000,199.80000,205.00000,210.00000,45.20000,0.66000,1
634,2,15.55600,799.56873,0.84000,28.24119,674.85547,674.85547,0.36000,20.11695,1.98200,189.60001,194.80000,199.80000,205.00000,210.00000,45.20000,0.66400,1
635,2,15.53200,799.75317,1.03800,28.24119,680.39264,680.39264,0.36000,20.10675,1.96800,189.60001,194.80000,200.10001,205.00000,210.00000,45.20000,0.66800,1
636,2,15.49600,799.75317,1.09800,28.24119,672.03833,672.03833,0.36000,20.08636,1.97400,189.60001,194.80000,199.80000,205.00000,210.00000,45.20000,0.66400,1
637,2,15.39600,799.75317,1.46000,28.24119,673.78693,673.78693,0.36000,20.09146,1.97000,189.80000,195.10001,200.10001,205.00000,209.80000,45.20000,0.66400,1
638,2,15.55600,799.56873,0.96200,28.24119,683.59839,683.59839,0.36000,20.06598,1.98200,189.80000,195.00000,200.10001,205.00000,209.80000,45.40000,0.66600,1
639,2,15.53400,799.56873,0.85600,28.24119,672.81549,672.52405,0.36000,20.06088,1.97200,189.80000,195.10001,200.10001,205.00000,209.80000,45.20000,0.66600,1
640,2,15.49400,799.75317,1.85000,28.24119,669.90118,669.90118,0.36000,20.07107,1.99000,190.00000,195.30000,200.00000,205.00000,209.80000,45.40000,0.66600,1
641,2,15.39600,799.56873,0.80800,28.24119,676.79834,676.79834,0.36000,20.13224,1.97800,190.10001,195.10001,200.00000,205.00000,210.00000,45.40000,0.66200,1
642,2,15.55600,799.75317,0.88800,28.24119,673.00977,673.00977,0.36000,20.02520,1.98200,190.10001,195.10001,199.80000,205.00000,210.00000,45.40000,0.66200,1
643,2,15.53400,799.38428,0.77400,28.24119,673.78693,673.78693,0.36000,20.09656,1.98200,190.10001,195.10001,200.00000,205.00000,210.00000,45.40000,0.66600,1
644,2,15.49400,799.56873,0.84000,28.24119,674.07837,674.07837,0.36000,20.09146,1.97600,190.30000,195.10001,199.80000,205.00000,210.00000,45.40000,0.66200,1
645,2,15.39800,799.56873,0.79800,28.24119,660.18683,660.18683,0.36000,20.03540,1.97000,190.10001,194.80000,199.80000,205.00000,209.80000,45.40000,0.66200,1
646,2,15.55600,799.56873,0.83800,28.24119,676.60406,676.60406,0.36000,20.03540,2.00000,190.10001,194.80000,199.80000,205.00000,209.80000,45.50000,0.66200,1
647,2,15.53400,799.93762,1.09400,28.24119,667.08398,666.98688,0.36000,20.05578,1.98400,190.30000,194.80000,199.80000,205.00000,209.80000,45.50000,0.66200,1
648,2,15.49400,799.56873,0.80400,28.24119,672.23260,672.23260,0.36000,20.06088,1.98600,190.30000,194.60001,199.80000,205.00000,209.80000,45.50000,0.66800,1
649,2,15.39600,799.75317,1.10600,28.24119,670.67834,670.67834,0.36000,20.09146,1.99000,190.30000,194.50000,199.80000,204.80000,209.80000,45.50000,0.66600,1
650,2,15.55600,799.56873,0.96600,28.24119,676.02118,676.02118,0.36000,20.03540,1.98800,190.10001,194.80000,199.80000,205.00000,209.80000,45.50000,0.66400,1
651,2,15.53400,799.56873,0.87600,28.24119,675.53546,675.53546,0.36000,20.06088,1.99200,190.10001,194.80000,199.80000,205.00000,209.80000,45.50000,0.66400,1
652,2,15.49400,799.56873,1.17800,28.24119,671.64978,671.64978,0.36000,20.09656,1.99400,190.00000,194.80000,199.60001,205.00000,209.80000,45.50000,0.66600,1
653,2,15.39600,799.56873,0.90400,28.24119,678.93549,678.93549,0.36000,20.09146,1.97800,190.00000,195.00000,199.60001,205.00000,209.80000,45.50000,0.66400,1
654,2,15.55600,799.56873,1.04800,28.24119,673.39832,673.39832,0.36000,20.07617,1.99400,190.00000,195.10001,199.80000,205.00000,209.80000,45.70000,0.66400,1
655,2,15.53400,799.75317,1.18200,28.24119,675.92407,675.92407,0.36000,20.07107,1.99000,189.80000,195.00000,200.10001,205.00000,209.80000,45.50000,0.66600,1
656,2,15.49200,799.56873,1.02000,28.24119,685.54126,685.54126,0.36000,20.04049,2.00200,189.60001,194.80000,199.80000,205.00000,209.80000,45.70000,0.66400,1
657,2,15.39600,799.19983,0.75400,28.24119,673.68976,673.68976,0.36000,20.05578,1.97800,189.60001,194.80000,199.80000,205.00000,209.80000,45.50000,0.66400,1
658,2,15.55800,799.56873,0.89400,28.24119,672.32977,672.32977,0.36000,20.07617,1.98600,189.80000,194.50000,199.80000,205.00000,209.80000,45.50000,0.66800,1
659,2,15.53200,799.75317,1.07600,28.24119,667.76404,667.76404,0.36000,20.10675,1.98000,189.80000,194.80000,200.00000,205.00000,209.80000,45.50000,0.66200,1
660,2,15.49400,799.75317,0.92600,28.24119,678.54694,678.54694,0.36000,20.09656,1.98200,190.00000,194.80000,200.00000,205.00000,209.80000,45.50000,0.66200,1
661,2,15.39800,799.75317,0.97000,28.24119,676.40979,676.40979,0.36000,20.05578,1.99000,190.00000,195.00000,199.80000,205.00000,209.80000,45.50000,0.66400,1
662,2,15.55600,799.56873,1.10800,28.24119,690.30127,690.10699,0.36000,20.11695,1.98800,190.00000,195.10001,200.00000,204.80000,209.80000,45.20000,0.66200,1
663,2,15.53400,799.38428,0.79600,28.24119,687.48413,686.99841,0.36000,20.08127,2.00600,190.00000,195.00000,199.80000,204.80000,209.80000,45.50000,0.66400,1
664,2,15.49400,799.19983,0.83000,28.24119,683.30695,683.30695,0.36000,20.09656,1.97800,190.00000,194.80000,199.60001,205.00000,209.80000,45.20000,0.66200,1
665,2,15.39400,799.19983,0.83200,28.24119,690.20416,690.20416,0.36000,20.08127,1.99600,190.00000,195.00000,199.80000,205.00000,209.80000,45.20000,0.66400,1
666,2,15.55600,799.38428,1.16600,28.24119,688.16412,688.16412,0.36000,20.06088,2.00200,190.00000,195.10001,200.00000,205.00000,209.80000,45.20000,0.66800,1
667,2,15.53400,799.56873,0.77000,28.24119,683.88983,683.88983,0.36000,20.09656,1.99200,189.80000,195.30000,199.80000,205.00000,209.80000,45.00000,0.66800,1
668,2,15.49400,799.56873,1.05000,28.24119,679.71265,679.71265,0.36000,20.12714,1.98800,189.80000,195.30000,200.10001,205.00000,209.80000,45.00000,0.66000,1
669,2,15.39600,799.75317,0.92000,28.24119,676.70123,676.60406,0.36000,20.07107,1.97200,189.80000,195.60001,200.10001,205.00000,209.80000,44.90000,0.66400,1
670,2,15.55600,799.75317,1.13000,28.24119,688.35840,688.35840,0.36000,20.11185,1.97600,189.60001,195.60001,200.10001,205.00000,209.80000,44.50000,0.66200,1
671,2,15.53400,799.56873,0.97600,28.24119,681.94696,681.84979,0.36000,20.08636,1.95600,189.60001,195.50000,200.10001,205.00000,209.80000,44.20000,0.66000,1
672,2,15.49400,799.56873,1.13200,28.24119,689.23273,689.03845,0.36000,20.04049,1.98200,189.60001,195.30000,200.10001,205.00000,210.00000,44.00000,0.66800,1
673,2,15.39600,799.56873,0.85800,28.24119,678.06122,678.06122,0.36000,20.09146,1.99400,189.60001,195.10001,200.00000,205.00000,210.00000,43.90000,0.66600,1
674,2,15.55600,799.56873,1.02600,28.24119,668.92975,668.92975,0.36000,20.10165,1.97000,189.80000,195.10001,199.80000,205.00000,210.00000,43.50000,0.66400,1
675,2,15.53400,799.56873,1.17200,28.24119,678.64410,678.64410,0.36000,20.07617,1.97800,189.80000,195.00000,199.80000,205.00000,210.00000,43.20000,0.66800,1
676,2,15.49400,799.38428,0.85200,28.24119,681.94696,681.94696,0.36000,20.11695,1.97200,189.80000,194.80000,199.80000,205.00000,209.80000,43.00000,0.66600,1
677,2,15.39600,799.75317,1.02800,28.24119,676.21552,676.21552,0.36000,20.08636,1.96800,189.60001,194.60001,199.80000,204.80000,209.80000,42.50000,0.66200,1
678,2,15.55600,799.19983,0.89000,28.24119,676.79834,676.79834,0.36000,20.06088,1.97800,189.60001,194.60001,199.80000,204.80000,209.80000,42.20000,0.66400,1
679,2,15.53400,799.38428,1.22200,28.24119,677.38123,677.38123,0.36000,20.02520,1.98000,189.80000,194.60001,199.80000,204.80000,209.80000,42.00000,0.66400,1
680,2,15.49400,799.38428,0.77800,28.24119,676.89551,676.89551,0.36000,20.07107,1.98800,189.60001,194.60001,199.80000,204.80000,209.80000,41.70000,0.66200,1
681,2,15.39600,799.56873,0.70200,28.24119,667.95831,667.95831,0.36000,20.10675,1.98200,189.60001,194.60001,199.80000,204.80000,209.80000,41.40000,0.66400,1
682,2,15.55400,799.38428,0.86800,28.24119,677.08978,677.08978,0.36000,20.08127,1.98000,189.60001,194.80000,199.80000,204.80000,209.80000,41.00000,0.66600,1
683,2,15.53400,799.19983,0.87400,28.24119,676.79834,676.79834,0.36000,20.11695,1.96800,189.60001,195.00000,200.00000,204.80000,209.80000,40.90000,0.66600,1
684,2,15.49400,799.56873,1.81200,28.24119,685.05554,685.05554,0.36000,20.07617,1.97400,189.60001,195.00000,200.00000,204.80000,209.80000,40.50000,0.66200,1
685,2,15.39600,799.38428,0.98200,28.24119,687.96985,687.87268,0.36000,20.06598,1.97400,189.60001,195.10001,200.00000,204.80000,209.80000,40.20000,0.66400,0
686,2,15.55600,799.38428,0.90000,28.24119,676.99261,676.99261,0.36000,20.10675,1.98000,189.80000,195.00000,199.80000,204.80000,210.00000,40.20000,0.66600,0
687,2,15.53400,799.19983,0.94600,28.24119,676.31262,676.31262,0.36000,20.09146,1.96000,189.80000,194.80000,199.80000,205.00000,210.00000,40.00000,0.66600,1
688,2,15.49400,799.38428,0.94600,28.24119,689.91272,689.91272,0.36000,20.05069,1.96800,189.60001,194.60001,199.80000,204.80000,210.00000,40.00000,0.66200,1
689,2,15.39600,799.56873,1.12200,28.24119,695.35278,695.35278,0.36000,20.03030,1.97000,189.50000,194.60001,199.80000,205.00000,209.80000,40.00000,0.66200,1
690,2,15.55600,799.38428,0.94800,28.24119,687.58130,687.28986,0.36000,20.10165,1.97200,189.50000,194.30000,199.60001,205.00000,209.80000,39.90000,0.66400,0
691,2,15.53400,799.38428,1.21200,28.24119,681.65552,681.65552,0.36000,20.13224,1.94600,189.30000,194.50000,199.80000,205.00000,209.80000,40.00000,0.66400,1
692,2,15.49400,799.19983,0.98000,28.24119,686.22125,686.22125,0.36000,20.08636,1.96200,189.30000,194.80000,199.60001,205.00000,209.80000,40.00000,0.66000,1
693,2,15.39600,799.38428,1.17600,28.24119,694.28418,694.28418,0.36000,20.00991,1.99400,189.30000,195.10001,199.80000,205.00000,209.80000,40.00000,0.66200,0
694,2,15.55600,799.38428,0.92400,28.24119,686.22125,686.22125,0.36000,20.08636,1.97200,189.50000,195.10001,199.80000,204.80000,209.80000,40.00000,0.66400,1
695,2,15.53400,799.19983,0.94800,28.24119,691.95276,691.95276,0.36000,20.10675,1.97200,189.30000,195.30000,199.80000,204.80000,209.80000,40.00000,0.66600,1
696,2,15.49400,799.56873,0.93200,28.24119,684.95844,684.95844,0.36000,20.08636,1.97200,189.50000,195.50000,200.00000,204.80000,209.80000,40.20000,0.66600,1
697,2,15.39400,799.38428,1.19600,28.24119,683.01556,683.01556,0.36000,20.07107,1.96800,189.60001,195.50000,200.10001,205.00000,209.80000,40.20000,0.66400,1
698,2,15.55600,799.38428,1.01200,28.24119,678.93549,678.93549,0.36000,20.06598,1.97800,189.60001,195.50000,200.10001,205.00000,209.80000,40.50000,0.66400,1
699,2,15.53400,799.38428,0.95000,28.24119,682.43268,682.43268,0.36000,20.08636,1.97400,189.80000,195.50000,200.10001,205.00000,209.80000,40.50000,0.66800,1
700,2,15.49600,799.38428,0.81000,28.24119,669.51257,669.31830,0.36000,20.03540,1.96800,190.00000,195.30000,200.10001,205.00000,210.00000,40.70000,0.66200,1
701,2,15.39400,799.38428,0.89800,28.24119,681.94696,681.94696,0.36000,20.04049,1.97600,190.10001,195.10001,200.00000,204.80000,210.00000,40.70000,0.66600,1
702,2,15.55600,799.38428,0.89000,28.24119,686.70697,686.70697,0.36000,20.08636,1.97600,190.10001,194.60001,199.80000,204.80000,210.00000,40.70000,0.66200,0
703,2,15.53400,799.38428,1.00200,28.24119,690.88416,690.88416,0.36000,20.02520,1.97800,190.00000,194.80000,199.80000,204.80000,210.00000,40.70000,0.66600,1
704,2,15.49400,799.38428,0.84400,28.24119,699.72418,699.72418,0.36000,20.07107,1.99600,189.80000,194.80000,199.80000,205.00000,210.00000,40.90000,0.66400,1
705,2,15.39400,799.38428,1.19000,28.24119,692.14703,692.14703,0.36000,20.10165,1.96000,189.80000,194.60001,199.60001,205.00000,209.80000,40.90000,0.66600,0
706,2,15.55600,799.38428,0.98200,28.24119,702.24994,702.24994,0.36000,20.08127,1.96600,189.80000,194.60001,199.80000,205.00000,209.80000,41.00000,0.66400,1
707,2,15.53400,799.56873,0.89800,28.24119,697.68420,697.68420,0.36000,20.09146,1.97200,190.00000,194.60001,199.80000,205.00000,210.00000,41.00000,0.66000,0
708,2,15.49400,799.19983,1.04200,28.24119,707.98138,707.98138,0.36000,20.05578,1.99400,190.10001,194.80000,199.80000,205.00000,209.80000,41.00000,0.66200,0
709,2,15.39600,799.38428,1.07200,28.24119,702.05566,702.05566,0.36000,20.03540,1.98800,190.10001,195.00000,200.00000,205.00000,210.00000,41.20000,0.66400,1
710,2,15.55600,799.19983,0.81000,28.24119,706.42712,706.42712,0.36000,20.04559,1.99000,190.00000,194.60001,200.00000,205.00000,209.80000,41.20000,0.66800,0
711,2,15.53400,799.56873,0.96400,28.24119,700.69562,700.69562,0.36000,20.07107,1.99000,190.00000,194.80000,200.00000,205.00000,209.80000,41.20000,0.66400,0
712,2,15.49400,799.19983,1.07800,28.24119,708.66138,708.66138,0.36000,20.09656,1.97600,190.00000,195.10001,200.10001,205.00000,209.80000,41.40000,0.66400,0
713,2,15.39600,799.38428,1.18200,28.24119,703.90137,703.90137,0.36000,20.05578,1.97600,189.80000,195.30000,200.10001,205.00000,209.80000,41.50000,0.66200,0
714,2,15.55600,799.19983,0.95000,28.24119,709.34143,709.34143,0.36000,20.10675,1.97400,189.80000,195.50000,200.10001,205.00000,209.80000,41.40000,0.66400,1
715,2,15.53200,799.19983,0.89000,28.24119,707.88428,707.88428,0.36000,20.07107,1.98000,190.00000,195.30000,200.10001,205.00000,209.80000,41.50000,0.66400,1
716,2,15.49400,799.38428,1.07200,28.24119,706.81567,706.81567,0.36000,20.08636,1.98400,189.80000,195.30000,200.00000,205.00000,209.80000,41.50000,0.66600,1
717,2,15.39600,799.38428,1.18200,28.24119,708.85571,708.66138,0.36000,20.06598,1.97600,189.80000,195.30000,200.00000,205.00000,209.80000,41.50000,0.66400,0
718,2,15.55600,799.38428,1.04200,28.24119,714.00427,714.00427,0.36000,20.08127,1.97800,189.80000,195.00000,200.10001,205.00000,209.80000,41.70000,0.66200,0
719,2,15.53600,799.01538,0.83400,28.24119,710.11853,710.11853,0.36000,20.09656,1.96800,189.80000,194.60001,200.00000,205.00000,209.80000,41.70000,0.66600,1
720,2,15.49200,799.19983,0.98200,28.24119,705.35852,705.35852,0.36000,20.14753,1.97200,189.80000,194.60001,200.00000,205.00000,209.80000,41.70000,0.66200,0
721,2,15.39600,799.38428,0.92800,28.24119,704.96997,704.96997,0.36000,20.08636,1.97800,189.80000,194.60001,200.00000,205.00000,210.00000,41.90000,0.66800,0
722,2,15.55600,799.19983,1.05000,28.24119,717.01575,717.01575,0.36000,20.05069,1.98000,189.80000,194.80000,200.00000,205.00000,209.80000,41.90000,0.66400,1
723,2,15.53400,799.38428,1.68200,28.24119,708.37000,708.37000,0.36000,20.02520,1.96800,189.80000,194.80000,200.00000,205.00000,209.80000,42.00000,0.66400,1
724,2,15.49400,799.19983,0.92000,28.24119,708.07855,708.07855,0.36000,20.09146,1.99400,190.00000,194.80000,200.00000,205.00000,210.00000,41.90000,0.66400,0
725,2,15.39600,799.38428,1.03800,28.24119,713.61572,713.61572,0.36000,20.07617,1.97600,189.80000,194.80000,199.80000,204.80000,210.00000,42.00000,0.66600,1
726,2,15.55600,799.19983,0.87800,28.24119,711.57568,711.57568,0.36000,20.08127,1.96800,189.80000,194.80000,200.00000,205.00000,210.00000,42.00000,0.66600,0
727,2,15.53400,799.38428,1.08200,28.24119,708.46710,708.46710,0.36000,20.10165,1.97600,190.00000,195.10001,199.80000,205.00000,210.00000,42.20000,0.66400,0
728,2,15.49400,799.56873,1.16800,28.24119,714.58716,714.58716,0.36000,20.10165,1.97400,190.00000,195.00000,199.80000,205.00000,210.00000,42.20000,0.66200,1
729,2,15.39400,799.56873,1.20600,28.24119,713.22717,713.22717,0.36000,20.05578,1.98800,189.80000,195.10001,199.80000,205.00000,210.00000,42.20000,0.66400,0
730,2,15.55600,799.38428,1.08800,28.24119,707.30139,707.30139,0.36000,20.03030,1.98200,190.00000,194.80000,199.80000,205.00000,210.00000,42.20000,0.66600,0
731,2,15.53400,799.19983,0.94600,28.24119,704.09564,704.09564,0.36000,20.12204,1.98800,189.80000,194.80000,199.80000,205.00000,210.00000,42.20000,0.66600,0
732,2,15.49400,799.19983,0.87600,28.24119,712.64429,712.64429,0.36000,20.11695,1.97800,190.00000,194.80000,200.00000,205.00000,209.80000,42.40000,0.66200,1
733,2,15.39600,799.38428,1.34000,28.24119,711.47858,711.47858,0.36000,20.10675,1.97200,190.00000,194.80000,199.80000,205.00000,210.00000,42.50000,0.66600,0
734,2,15.55600,799.38428,0.91400,28.24119,713.51855,713.51855,0.36000,20.11185,1.97800,189.80000,194.80000,200.00000,205.00000,210.00000,42.50000,0.66600,0
735,2,15.53400,799.38428,1.28000,28.24119,705.74713,705.74713,0.36000,20.11695,1.97600,190.10001,194.80000,200.00000,205.00000,210.00000,42.50000,0.66400,1
736,2,15.49400,799.19983,1.02200,28.24119,707.49567,707.49567,0.36000,20.10165,1.98200,190.10001,194.80000,199.80000,205.00000,209.80000,42.50000,0.66400,0
737,2,15.39600,799.01538,0.89800,28.24119,703.22137,703.22137,0.36000,20.10675,1.96600,190.00000,194.60001,199.80000,204.80000,209.80000,42.50000,0.66400,0
738,2,15.55600,799.38428,1.17000,28.24119,709.14709,709.14709,0.36000,20.12204,1.96400,190.00000,195.00000,199.80000,204.80000,209.80000,42.50000,0.66200,0
739,2,15.53400,799.38428,0.97600,28.24119,707.30139,707.30139,0.36000,20.12204,1.97000,189.80000,195.00000,200.00000,204.80000,209.80000,42.70000,0.66400,1
740,2,15.49400,799.19983,0.97400,28.24119,703.41565,703.41565,0.36000,20.05069,1.98000,189.60001,194.80000,199.80000,205.00000,209.80000,42.70000,0.66400,0
741,2,15.39600,799.19983,0.89000,28.24119,705.55280,705.55280,0.36000,20.05069,1.98600,189.60001,194.80000,199.80000,205.00000,209.80000,42.70000,0.66400,1
742,2,15.55600,799.19983,0.97800,28.24119,708.95282,708.95282,0.36000,20.12204,1.96400,189.60001,195.00000,200.00000,205.00000,209.80000,42.90000,0.66400,1
743,2,15.53400,799.01538,0.95000,28.24119,705.45569,705.45569,0.36000,20.06598,1.96600,189.80000,195.10001,200.00000,205.00000,209.80000,43.00000,0.66400,0
744,2,15.49400,799.19983,1.07000,28.24119,713.61572,713.61572,0.36000,20.11695,1.97800,190.00000,195.30000,200.10001,205.00000,210.00000,43.00000,0.66800,1
745,2,15.39600,799.19983,1.55200,28.24119,705.26141,705.26141,0.36000,20.10675,1.97000,190.00000,195.60001,200.10001,205.00000,209.80000,43.20000,0.66600,1
746,2,15.55600,799.19983,0.84400,28.24119,714.39288,714.39288,0.36000,20.05578,1.96800,190.10001,195.60001,200.10001,205.00000,209.80000,43.20000,0.66200,1
747,2,15.53400,799.38428,0.97800,28.24119,709.82715,709.82715,0.36000,20.08127,1.98400,190.10001,195.50000,200.00000,205.00000,209.80000,43.20000,0.66400,0
748,2,15.49400,799.19983,0.94200,28.24119,703.70709,703.70709,0.36000,20.08636,1.98400,190.10001,195.50000,200.10001,205.00000,209.80000,43.20000,0.66000,0
749,2,15.39600,799.19983,0.86800,28.24119,708.27283,708.27283,0.36000,20.09656,1.97400,190.10001,195.30000,200.00000,205.00000,209.80000,43.20000,0.66600,0
750,2,15.55600,799.19983,0.88000,28.24119,715.36432,715.36432,0.36000,20.08636,1.97200,190.00000,195.10001,199.80000,205.00000,209.80000,43.40000,0.66400,0
751,2,15.53400,799.38428,1.28200,28.24119,712.74146,712.74146,0.36000,20.09146,1.97800,190.00000,195.10001,199.80000,205.00000,209.80000,43.40000,0.66600,1
752,2,15.49600,799.38428,1.05200,28.24119,707.88428,707.88428,0.36000,20.11185,1.96400,190.10001,195.10001,199.80000,204.80000,209.80000,43.40000,0.66600,1
753,2,15.39600,799.38428,0.93400,28.24119,710.31287,710.31287,0.36000,20.13224,1.97800,190.10001,195.10001,199.60001,204.80000,209.80000,43.40000,0.66200,1
754,2,15.55400,799.19983,1.26400,28.24119,706.91284,706.91284,0.36000,20.04049,1.98400,190.10001,195.00000,199.80000,204.80000,209.80000,43.50000,0.66200,0
755,2,15.53400,799.01538,1.04800,28.24119,705.74713,705.74713,0.36000,20.12204,1.99200,190.10001,195.00000,199.80000,204.80000,209.80000,43.50000,0.66200,1
756,2,15.49400,799.19983,1.02000,28.24119,708.46710,708.46710,0.36000,20.07617,1.99600,190.10001,195.00000,199.80000,205.00000,210.00000,43.50000,0.66400,0
757,2,15.39600,799.01538,1.13400,28.24119,704.96997,704.96997,0.36000,20.07617,1.98000,190.30000,195.00000,200.00000,205.00000,210.00000,43.50000,0.66400,0
758,2,15.55600,799.19983,0.95600,28.24119,714.97571,714.97571,0.36000,20.11185,1.98600,190.10001,194.80000,200.10001,205.00000,210.00000,43.70000,0.66200,0
759,2,15.53400,799.19983,0.93200,28.24119,710.99286,710.99286,0.36000,20.07617,1.98800,189.80000,194.60001,200.00000,205.00000,209.80000,43.50000,0.66200,1
760,2,15.49400,799.01538,0.84600,28.24119,704.87280,704.87280,0.36000,20.11695,1.97400,189.80000,195.00000,199.80000,205.00000,209.80000,43.70000,0.66600,0
761,2,15.39600,799.19983,1.05200,28.24119,711.18713,711.18713,0.36000,20.16282,1.98400,189.80000,195.10001,200.00000,205.00000,209.80000,43.70000,0.66200,1
762,2,15.55600,799.01538,1.02800,28.24119,702.83282,702.83282,0.36000,20.12204,1.96000,189.80000,195.10001,199.80000,205.00000,209.80000,43.70000,0.66600,1
763,2,15.53400,799.19983,0.93000,28.24119,717.11292,717.11292,0.36000,20.12204,1.97000,189.80000,195.10001,199.80000,204.80000,209.80000,43.70000,0.66400,1
764,2,15.49400,799.38428,1.09400,28.24119,708.46710,708.46710,0.36000,20.11185,1.96600,189.80000,195.10001,199.80000,204.80000,209.80000,43.90000,0.66400,1
765,2,15.39600,799.56873,0.96000,28.24119,710.99286,710.99286,0.36000,20.14753,1.97200,190.00000,195.00000,199.80000,204.80000,209.80000,43.90000,0.66600,1
766,2,15.55400,799.19983,0.88400,28.24119,708.85571,708.85571,0.36000,20.10675,1.98000,190.00000,195.00000,200.00000,205.00000,210.00000,44.00000,0.66600,0
767,2,15.53400,799.01538,0.88600,28.24119,715.07288,714.87860,0.36000,20.16282,1.98800,190.00000,194.80000,200.00000,205.00000,209.80000,44.00000,0.66400,0
768,2,15.49400,799.19983,0.88400,28.24119,710.21570,710.21570,0.36000,20.09146,1.97400,190.10001,194.80000,199.80000,205.00000,210.00000,44.20000,0.66600,0
769,2,15.39600,799.19983,0.98800,28.24119,709.14709,709.14709,0.36000,20.10165,1.98600,190.10001,195.00000,199.80000,205.00000,210.00000,44.20000,0.66000,0
770,2,15.55600,799.19983,1.29800,28.24119,714.87860,714.78143,0.36000,20.12714,1.98200,190.10001,195.00000,199.80000,205.00000,210.00000,44.20000,0.66600,0
771,2,15.53400,799.19983,0.89600,28.24119,697.00421,697.00421,0.36000,20.09146,1.97400,190.10001,194.60001,199.80000,205.00000,210.00000,44.20000,0.66600,0
772,2,15.49400,799.19983,0.89400,28.24119,706.42712,706.42712,0.36000,20.09146,1.98400,190.00000,194.60001,199.80000,205.00000,209.80000,44.20000,0.66800,0
773,2,15.39600,799.19983,1.00000,28.24119,708.66138,708.66138,0.36000,20.08636,1.96800,189.80000,194.80000,199.80000,205.00000,210.00000,44.20000,0.66400,0
774,2,15.55800,799.19983,1.27800,28.24119,716.91858,716.91858,0.36000,20.09656,1.99600,189.80000,195.00000,200.10001,205.00000,210.00000,44.20000,0.66400,0
775,2,15.53400,799.19983,0.92800,28.24119,717.40430,717.40430,0.36000,20.11695,1.99200,189.80000,195.00000,200.00000,205.00000,210.00000,44.40000,0.66200,0
776,2,15.49400,799.38428,1.28800,28.24119,711.86713,711.67285,0.36000,20.10675,1.98200,189.80000,195.10001,200.00000,205.00000,210.00000,44.20000,0.66400,0
777,2,15.39600,799.01538,0.88400,28.24119,713.71289,713.71289,0.36000,20.11185,1.98000,190.00000,195.30000,200.00000,205.00000,209.80000,44.40000,0.66200,0
