Peak value tool,Peak value screw,Cylinder heating zone 1,Cylinder heating zone 2,Cylinder heating zone 3,Cylinder heating zone 4,Maximum injection pressure,Switch-over pressure,Peak value of mould,Peak value of ejector,Cycle time,Dosing time,Injection time,Mould protection time,Temperature of feed yoke,Material cushion,Switch-over volume,Cylinder heating zone 5,ground_truth
799.015,119.909,214.3,215.5,220,224.5,2250.425,1752.953,3.002,0.144,24.328,2.078,0.458,0.656,45.2,29.515,44.974,230.1,0
798.278,119.952,213.3,215.6,220.6,224.8,2248.288,1877.88,2.866,0.458,24.344,2.248,0.458,0.654,45,29.638,44.964,230.1,0
798.278,119.952,213.3,215.6,220.6,224.8,2248.288,1877.88,2.866,0.458,24.344,2.248,0.458,0.654,45,29.638,44.964,230.1,0
798.278,119.909,211.6,215.3,221.3,225.3,2239.059,1809.491,3.168,0.146,24.344,2.032,0.458,0.656,44.4,27.946,44.989,230,1
798.278,119.909,211.6,215.3,221.3,225.3,2239.059,1809.491,3.168,0.146,24.344,2.032,0.458,0.656,44.4,27.946,44.989,230,1
798.646,119.909,211.6,215.3,221.3,225.6,2220.019,1795.211,3.15,0.15,24.342,2.08,0.456,0.656,44,28.68,44.953,230.1,1
798.831,119.909,211.8,215.3,221.6,225.6,2208.459,1753.051,3.312,0.156,24.34,2.082,0.454,0.656,43.7,29.312,44.989,230.1,1
798.831,119.909,211.8,215.3,221.6,225.6,2208.459,1753.051,3.312,0.156,24.34,2.082,0.454,0.656,43.7,29.312,44.989,230.1,1
799.015,119.909,212.3,215.3,221.6,225.5,2206.225,1733.33,2.86,0.144,24.34,2.064,0.454,0.654,43.2,29.444,44.959,230,1
799.015,119.909,212.3,215.3,221.6,225.5,2206.225,1733.33,2.86,0.144,24.34,2.064,0.454,0.654,43.2,29.444,44.959,230,1
799.2,119.909,212.6,215.3,221.6,225.3,2213.899,1738.285,2.722,0.142,24.34,2.064,0.454,0.654,42.7,29.551,44.959,229.8,1
799.569,119.909,212.6,215.1,221.8,225.3,2196.413,1721.382,3.314,0.15,24.34,2.058,0.454,0.656,42.5,29.561,44.948,229.8,0
799.569,119.909,212.6,215.1,221.8,225.3,2196.413,1721.382,3.314,0.15,24.34,2.058,0.454,0.656,42.5,29.561,44.948,229.8,1
799.2,119.909,212.5,214.8,221.6,225.3,2185.728,1716.33,2.974,0.148,24.338,2.048,0.452,0.656,42,29.383,44.984,229.8,1
799.2,119.909,212.5,214.8,221.6,225.3,2185.728,1716.33,2.974,0.148,24.338,2.048,0.452,0.656,42,29.383,44.984,229.8,1
799.384,119.909,213,215,221.6,225.3,2202.825,1719.925,3.076,0.148,24.34,2.076,0.454,0.654,41.7,29.551,44.948,229.8,1
799.384,119.909,213,215,221.6,225.3,2202.825,1719.925,3.076,0.148,24.34,2.076,0.454,0.654,41.7,29.551,44.948,229.8,1
799.569,119.909,213.5,214.8,221.5,225.3,2208.07,1709.142,2.896,0.156,24.34,2.082,0.454,0.654,41.5,29.745,44.969,229.8,1
799.753,119.909,213.6,215.1,221.5,225.1,2184.756,1734.205,3.306,0.144,24.378,2.012,0.452,0.656,41.2,28.934,44.999,229.8,0
799.753,119.909,213.6,215.1,221.5,225.1,2184.756,1734.205,3.306,0.144,24.378,2.012,0.452,0.656,41.2,28.934,44.999,229.8,1
799.753,119.909,213.6,215.1,221.3,225.1,2204.185,1729.153,3.102,0.154,24.34,2.078,0.454,0.654,41.2,29.128,44.943,229.8,1
799.753,119.909,213.6,215.1,221.3,225.1,2204.185,1729.153,3.102,0.154,24.34,2.078,0.454,0.654,41.2,29.128,44.943,229.8,1
799.753,119.909,213.8,215.1,221.5,225.1,2165.036,1715.942,3.242,0.144,24.336,2.048,0.45,0.654,41.2,28.853,44.974,229.8,1
799.753,119.909,213.8,215.1,221.5,225.1,2165.036,1715.942,3.242,0.144,24.336,2.048,0.45,0.654,41.2,28.853,44.974,229.8,1
799.753,119.909,214,215,221.5,225.1,2201.173,1735.759,2.924,0.144,24.38,2.058,0.454,0.656,41,28.792,44.974,229.8,1
799.938,119.909,213.5,214.8,221.3,225.1,2174.362,1742.753,2.83,0.144,24.338,2.068,0.452,0.656,41.2,28.807,44.994,229.8,1
799.938,119.909,213.5,214.8,221.3,225.1,2174.362,1742.753,2.83,0.144,24.338,2.068,0.452,0.656,41.2,28.807,44.994,229.8,1
800.122,119.909,213.8,214.6,221.1,225.1,2188.545,1720.896,3.102,0.144,24.384,2.05,0.454,0.656,41.2,28.578,44.943,229.8,1
800.122,119.909,213.8,214.6,221.1,225.1,2188.545,1720.896,3.102,0.144,24.384,2.05,0.454,0.656,41.2,28.578,44.943,229.8,1
800.122,119.909,214.3,214.8,221,225,2225.653,1733.039,3.18,0.156,24.39,2.066,0.456,0.656,41.5,28.69,44.994,229.8,1
800.122,119.909,214.6,214.8,221,225,2192.528,1717.302,2.63,0.144,24.338,2.082,0.452,0.656,41.5,28.945,44.989,229.8,1
800.122,119.909,214.6,214.8,221,225,2192.528,1717.302,2.63,0.144,24.338,2.082,0.452,0.656,41.5,28.945,44.989,229.8,1
800.122,119.909,214.5,215.1,221,225,2196.996,1730.61,3.316,0.154,24.34,2.036,0.454,0.658,41.7,28.414,44.943,229.8,1
800.122,119.909,214.5,215.1,221,225,2196.996,1730.61,3.316,0.154,24.34,2.036,0.454,0.658,41.7,28.414,44.943,229.8,1
800.122,119.909,214.3,215.1,220.8,225,2180.19,1747.416,2.862,0.152,24.338,2.066,0.452,0.656,41.9,28.501,44.969,229.8,1
800.307,119.909,214.3,214.8,220.8,225,2208.653,1741.588,3.124,0.144,24.34,2.072,0.454,0.654,42.2,28.588,44.953,229.8,1
800.307,119.909,214.3,214.8,220.8,225,2208.653,1741.588,3.124,0.144,24.34,2.072,0.454,0.654,42.2,28.588,44.953,229.8,1
800.307,119.909,214.6,214.6,220.6,225.1,2208.653,1727.113,2.854,0.15,24.34,2.066,0.454,0.656,42.2,28.618,44.943,229.8,1
800.307,119.909,214.6,214.6,220.6,225.1,2208.653,1727.113,2.854,0.15,24.34,2.066,0.454,0.656,42.2,28.618,44.943,229.8,1
800.491,119.909,214.6,214.8,220.6,225,2179.607,1716.816,3.47,0.148,24.414,2.058,0.452,0.66,42.5,28.471,44.948,229.8,1
800.491,119.909,214.6,214.8,220.6,225,2179.607,1716.816,3.47,0.148,24.414,2.058,0.452,0.66,42.5,28.471,44.948,229.8,1
800.491,119.909,214.8,215,220.6,225,2157.653,1736.245,3.066,0.142,24.336,2.068,0.45,0.656,42.5,28.649,44.964,229.8,1
800.675,119.909,214.8,215.1,220.6,225,2170.087,1740.908,3.602,0.154,24.338,2.068,0.452,0.654,42.7,28.639,44.953,229.8,1
800.675,119.909,214.8,215.1,220.6,225,2170.087,1740.908,3.602,0.154,24.338,2.068,0.452,0.654,42.7,28.639,44.953,229.8,0
800.86,119.909,214.8,214.8,220.6,225,2184.173,1744.113,3.528,0.144,24.338,2.066,0.452,0.656,43,28.572,44.943,229.8,1
800.86,119.909,214.8,214.8,220.6,225,2184.173,1744.113,3.528,0.144,24.338,2.066,0.452,0.656,43,28.572,44.943,229.8,1
800.86,119.909,214.6,214.6,220.5,225,2200.008,1733.816,3.026,0.154,24.34,2.074,0.454,0.656,43.2,28.659,44.979,229.8,1
800.675,119.909,214.6,214.8,220.3,225,2217.688,1733.525,2.862,0.144,24.366,2.068,0.454,0.658,43.2,28.781,44.964,229.8,1
800.675,119.909,214.6,214.8,220.3,225,2217.688,1733.525,2.862,0.144,24.366,2.068,0.454,0.658,43.2,28.781,44.964,229.8,1
801.044,119.909,214.8,215,220.3,225,2175.527,1731.776,3.222,0.154,24.336,2.046,0.45,0.656,43.5,28.557,44.999,229.8,1
801.044,119.909,214.8,215,220.3,225,2175.527,1731.776,3.222,0.154,24.336,2.046,0.45,0.656,43.5,28.557,44.999,229.8,1
800.86,119.909,215.1,215.1,220.3,225,2195.15,1746.348,2.936,0.146,24.34,2.076,0.454,0.656,43.7,28.787,44.959,230,1
800.86,119.909,215.1,215.1,220.3,225,2195.15,1746.348,2.936,0.146,24.34,2.076,0.454,0.656,43.7,28.787,44.959,230,0
800.675,119.909,215.1,215.1,220.3,224.8,2173.779,1733.622,3.324,0.154,24.338,2.054,0.452,0.654,43.7,28.664,44.999,230,1
801.044,119.909,215,215.1,220.3,224.8,2197.676,1732.65,3.564,0.154,24.34,2.042,0.454,0.658,44,28.389,44.979,229.8,1
801.044,119.909,215,215.1,220.3,224.8,2197.676,1732.65,3.564,0.154,24.34,2.042,0.454,0.658,44,28.389,44.979,229.8,1
800.86,119.909,214.6,215.1,220.1,225,2204.865,1744.793,3.24,0.142,24.34,2.068,0.454,0.654,44,28.522,44.974,229.8,1
800.86,119.909,214.6,215.1,220.1,225,2204.865,1744.793,3.24,0.142,24.34,2.068,0.454,0.654,44,28.522,44.974,229.8,1
801.229,119.909,215,215.1,220.1,225,2197.676,1733.233,3.144,0.15,24.352,2.078,0.454,0.654,44.2,28.863,44.948,229.8,0
801.044,119.909,215.3,215,220.1,225,2173.293,1723.325,2.83,0.146,24.336,2.096,0.45,0.656,44.4,29.342,44.984,229.8,0
801.044,119.909,215.3,215,220.1,225,2173.293,1723.325,2.83,0.146,24.336,2.096,0.45,0.656,44.4,29.342,44.984,229.8,1
801.044,119.909,215.3,215.1,220.1,225,2196.51,1733.428,2.894,0.148,24.34,2.026,0.454,0.656,44.5,28.812,44.989,229.8,1
801.044,119.909,215.3,215.1,220.1,225,2196.51,1733.428,2.894,0.148,24.34,2.026,0.454,0.656,44.5,28.812,44.989,229.8,0
801.229,119.909,215.1,215.1,220.1,225,2196.413,1746.445,3.83,0.146,24.34,2.058,0.454,0.658,44.7,28.781,44.979,229.8,1
801.229,119.909,215.1,215.1,220.1,225,2196.413,1746.445,3.83,0.146,24.34,2.058,0.454,0.658,44.7,28.781,44.979,229.8,1
801.044,119.909,215,215.1,220.1,225,2199.619,1727.307,3.09,0.146,24.34,2.078,0.454,0.658,44.9,28.939,44.994,229.8,1
801.413,119.909,215.1,214.8,220,225,2181.064,1719.05,3.234,0.152,24.338,2.082,0.452,0.654,45,29.164,44.974,229.8,1
801.413,119.909,215.1,214.8,220,225,2181.064,1719.05,3.234,0.152,24.338,2.082,0.452,0.654,45,29.164,44.974,229.8,0
801.229,119.909,215.3,215.1,220.1,225,2207.682,1724.685,3.016,0.144,24.346,2.072,0.454,0.656,45.2,29.357,44.979,229.8,1
801.229,119.909,215.3,215.1,220.1,225,2207.682,1724.685,3.016,0.144,24.346,2.072,0.454,0.656,45.2,29.357,44.979,229.8,0
801.598,119.909,215.1,215.1,220.1,224.8,2201.465,1705.159,3.702,0.154,24.502,2.084,0.454,0.658,45.2,29.628,44.948,229.8,1
801.229,119.909,214.6,215,220.1,225,2203.407,1724.005,2.96,0.15,24.34,2.054,0.454,0.658,45.5,29.337,44.989,229.8,1
801.229,119.909,214.6,215,220.1,225,2203.407,1724.005,2.96,0.15,24.34,2.054,0.454,0.658,45.5,29.337,44.989,229.8,1
801.229,119.909,214.6,214.8,220,224.8,2195.927,1718.273,2.802,0.148,24.34,2.082,0.454,0.658,45.5,29.536,44.964,230,1
801.229,119.909,214.6,214.8,220,224.8,2195.927,1718.273,2.802,0.148,24.34,2.082,0.454,0.658,45.5,29.536,44.964,230,1
801.413,119.909,215.1,215,220,225,2202.922,1717.107,2.694,0.146,24.34,2.054,0.454,0.656,45.7,29.347,44.943,230,1
801.413,119.909,215.1,215,220,225,2202.922,1717.107,2.694,0.146,24.34,2.054,0.454,0.656,45.7,29.347,44.943,230,1
801.598,119.909,215.3,215.1,220.1,225,2194.373,1717.107,3.208,0.146,24.356,2.088,0.452,0.656,45.7,29.775,44.969,229.8,0
801.598,119.909,215.3,215.1,220.1,225,2206.322,1712.736,2.89,0.146,24.34,2.052,0.454,0.656,45.9,29.413,44.979,229.8,1
801.598,119.909,215.3,215.1,220.1,225,2206.322,1712.736,2.89,0.146,24.34,2.052,0.454,0.656,45.9,29.413,44.979,229.8,1
801.229,119.909,214.6,215,220.1,225,2201.27,1724.102,2.87,0.146,24.34,2.076,0.454,0.652,46,29.51,44.943,229.8,1
801.229,119.909,214.6,215,220.1,225,2201.27,1724.102,2.87,0.146,24.34,2.076,0.454,0.652,46,29.51,44.943,229.8,1
801.413,119.909,215,214.8,220,225,2208.653,1713.61,2.856,0.152,24.34,2.06,0.454,0.656,46.2,29.5,44.943,229.8,1
801.782,119.909,215.1,214.8,219.8,225,2190.002,1710.307,3.342,0.15,24.354,2.038,0.454,0.654,46.4,29.092,44.943,229.8,1
801.782,119.909,215.1,214.8,219.8,225,2190.002,1710.307,3.342,0.15,24.354,2.038,0.454,0.654,46.4,29.092,44.943,229.8,0
801.782,119.909,215.3,215.1,220,225,2200.882,1723.713,3.518,0.154,24.34,2.078,0.454,0.656,46.5,29.332,44.989,229.8,1
801.782,119.909,215.3,215.1,220,225,2200.882,1723.713,3.518,0.154,24.34,2.078,0.454,0.656,46.5,29.332,44.989,229.8,1
801.229,119.909,215.1,215.1,220.1,225,2215.356,1710.113,2.832,0.152,24.34,2.066,0.454,0.656,46.5,29.398,44.994,229.8,1
801.782,119.909,214.6,215.1,220.1,225,2182.425,1720.313,3.074,0.15,24.364,2.078,0.452,0.658,46.7,29.551,44.984,229.8,1
801.782,119.909,214.6,215.1,220.1,225,2182.425,1720.313,3.074,0.15,24.364,2.078,0.452,0.658,46.7,29.551,44.984,229.8,0
801.966,119.909,214.8,215.1,220,225,2198.453,1700.399,3.38,0.146,24.338,2.088,0.452,0.656,46.7,29.872,44.943,229.8,1
801.966,119.909,214.8,215.1,220,225,2198.453,1700.399,3.38,0.146,24.338,2.088,0.452,0.656,46.7,29.872,44.943,229.8,1
801.598,119.909,215.3,215,219.8,225,2198.065,1685.342,2.834,0.146,24.378,2.08,0.452,0.658,47,30.112,44.974,229.8,1
801.598,119.909,215.3,215.1,219.8,225,2180.19,1688.062,3.068,0.154,24.338,2.05,0.452,0.656,47,29.801,44.979,229.8,1
801.598,119.909,215.3,215.1,219.8,225,2180.19,1688.062,3.068,0.154,24.338,2.05,0.452,0.656,47,29.801,44.979,229.8,1
801.966,119.909,215.1,215.1,220,224.8,2198.647,1731.193,3.32,0.146,24.34,2.036,0.454,0.656,47.2,29.312,44.959,229.8,0
801.966,119.909,215.1,215.1,220,224.8,2198.647,1731.193,3.32,0.146,24.34,2.036,0.454,0.656,47.2,29.312,44.959,229.8,1
801.598,119.909,215.1,215.1,220,224.8,2181.064,1732.165,3.208,0.152,24.338,2.058,0.452,0.656,47.5,29.322,44.974,230,1
801.598,119.909,215.1,215.1,220,224.8,2181.064,1732.165,3.208,0.152,24.338,2.058,0.452,0.656,47.5,29.322,44.974,230,1
801.782,119.909,215,215,220,224.8,2206.71,1705.256,3.004,0.152,24.34,2.078,0.454,0.656,47.5,29.546,44.969,229.8,1
801.966,119.909,215,214.8,219.8,225,2206.71,1700.01,3.284,0.15,24.342,2.072,0.454,0.656,47.7,29.719,44.984,229.8,0
801.966,119.909,215,214.8,219.8,225,2206.71,1700.01,3.284,0.15,24.342,2.072,0.454,0.656,47.7,29.719,44.984,229.8,1
801.782,119.909,215.1,215,220.1,225,2184.465,1696.513,2.794,0.146,24.338,2.064,0.452,0.656,47.7,29.735,44.948,229.8,1
801.782,119.909,215.1,215,220.1,225,2184.465,1696.513,2.794,0.146,24.338,2.064,0.452,0.656,47.7,29.735,44.948,229.8,1
801.782,119.909,214.8,215.1,220,225,2218.562,1699.525,2.79,0.146,24.34,2.09,0.454,0.658,47.9,30.147,44.984,229.8,0
801.782,119.909,215.1,215.1,220.1,225,2178.053,1705.839,2.704,0.146,24.338,2.034,0.452,0.656,47.9,29.622,44.948,229.8,1
801.782,119.909,215.1,215.1,220.1,225,2178.053,1705.839,2.704,0.146,24.338,2.034,0.452,0.656,47.9,29.622,44.948,229.8,1
801.598,119.909,215.1,215.1,220.1,225,2202.242,1708.753,2.612,0.146,24.354,2.074,0.454,0.656,48,29.796,44.984,229.8,1
801.598,119.909,215.1,215.1,220.1,225,2202.242,1708.753,2.612,0.146,24.354,2.074,0.454,0.656,48,29.796,44.984,229.8,0
801.966,119.909,215.1,214.8,220,225,2201.853,1696.416,3.162,0.148,24.386,2.054,0.454,0.656,48.2,29.735,44.959,229.8,1
801.966,119.909,215.1,214.8,220,225,2201.853,1696.416,3.162,0.148,24.386,2.054,0.454,0.656,48.2,29.735,44.959,229.8,1
801.782,119.909,215,215,220.1,225,2183.007,1701.953,3.298,0.15,24.336,2.074,0.45,0.656,48.2,29.893,44.999,229.8,1
801.782,119.909,215.1,215.1,220.1,225,2184.853,1692.53,3.096,0.152,24.338,2.094,0.452,0.658,48.2,30.372,44.979,229.8,1
801.782,119.909,215.1,215.1,220.1,225,2184.853,1692.53,3.096,0.152,24.338,2.094,0.452,0.658,48.2,30.372,44.979,229.8,1
802.335,119.909,214.8,215.1,220.1,225,2199.522,1695.93,3.35,0.152,24.338,2.058,0.452,0.654,48,30.198,44.969,229.8,1
802.335,119.909,214.8,215.1,220.1,225,2199.522,1695.93,3.35,0.152,24.338,2.058,0.452,0.654,48,30.198,44.969,229.8,1
801.782,119.909,214.8,215.1,220.1,225,2207.196,1689.616,3.024,0.152,24.34,2.054,0.454,0.654,48,29.954,44.953,229.8,0
801.782,119.909,214.8,214.8,220,225,2195.539,1702.245,2.762,0.15,24.338,2.054,0.452,0.658,47.7,29.796,44.989,229.8,1
801.782,119.909,214.8,214.8,220,225,2195.539,1702.245,2.762,0.15,24.338,2.054,0.452,0.658,47.7,29.796,44.989,229.8,1
802.151,119.909,214.8,214.8,220,225,2182.327,1717.593,3.108,0.15,24.338,2.072,0.452,0.654,47.2,29.847,44.979,230,1
802.151,119.909,214.8,214.8,220,225,2182.327,1717.593,3.108,0.15,24.338,2.072,0.452,0.654,47.2,29.847,44.979,230,1
802.151,119.909,214.8,214.8,220,224.8,2177.179,1708.559,3.25,0.15,24.338,2.064,0.452,0.656,46.5,29.882,44.953,230,1
801.966,119.909,215.1,215.1,220,225,2214.968,1732.456,2.824,0.15,24.34,2.038,0.454,0.656,45.9,29.475,44.974,229.8,1
801.966,119.909,215.1,215.1,220,225,2214.968,1732.456,2.824,0.15,24.34,2.038,0.454,0.656,45.9,29.475,44.974,229.8,0
801.966,119.909,215.1,215.1,220,225,2202.048,1717.982,3.2,0.148,24.34,2.06,0.454,0.658,44.7,29.403,44.948,229.8,1
801.966,119.909,215.1,215.1,220,225,2202.048,1717.982,3.2,0.148,24.34,2.06,0.454,0.658,44.7,29.403,44.948,229.8,1
802.151,119.909,215,215.1,220,225,2195.442,1729.445,3.77,0.146,24.338,2.046,0.452,0.656,43.5,29.133,44.994,229.8,1
802.151,119.909,215,215.1,220,225,2195.442,1729.445,3.77,0.146,24.338,2.046,0.452,0.656,43.5,29.133,44.994,229.8,1
801.782,119.909,215.1,215.1,220.1,225,2185.63,1748.582,2.89,0.146,24.338,2.036,0.452,0.658,42.7,28.659,44.974,229.8,1
801.966,119.909,214.8,215.1,220,225,2187.379,1741.49,3.14,0.146,24.338,2.066,0.452,0.658,41.5,28.598,44.964,229.8,1
801.966,119.909,214.8,215.1,220,225,2187.379,1741.49,3.14,0.146,24.338,2.066,0.452,0.658,41.5,28.598,44.964,229.8,0
801.598,119.909,214.6,215,220,225,2182.036,1762.668,3.558,0.146,24.338,2.016,0.452,0.658,40.9,27.986,44.989,229.8,1
801.598,119.909,214.6,215,220,225,2182.036,1762.668,3.558,0.146,24.338,2.016,0.452,0.658,40.9,27.986,44.989,229.8,0
801.598,119.909,214.6,214.8,220,225,2188.545,1786.468,3.188,0.146,24.34,2.038,0.454,0.658,40.2,27.716,44.989,229.8,1
801.598,119.909,214.8,214.8,220,225,2217.591,1807.159,3.102,0.146,24.342,2.03,0.456,0.658,39.7,27.298,44.959,229.8,1
801.598,119.909,214.8,214.8,220,225,2217.591,1807.159,3.102,0.146,24.342,2.03,0.456,0.658,39.7,27.298,44.959,229.8,1
801.782,119.909,214.6,214.8,219.8,224.8,2201.367,1803.371,3.528,0.15,24.34,2.062,0.454,0.656,39.4,27.405,44.959,229.8,1
801.782,119.909,214.6,214.8,219.8,224.8,2201.367,1803.371,3.528,0.15,24.34,2.062,0.454,0.656,39.4,27.405,44.959,229.8,1
801.598,119.909,214.6,214.8,219.8,225,2206.031,1811.24,3.014,0.148,24.34,2.004,0.454,0.658,39.2,26.682,44.959,229.8,1
801.598,119.909,214.6,214.8,219.8,225,2206.031,1811.24,3.014,0.148,24.34,2.004,0.454,0.658,39.2,26.682,44.959,229.8,1
801.598,119.909,214.6,214.8,219.8,225,2203.893,1824.354,3.036,0.146,24.34,2.06,0.454,0.656,39,26.814,44.959,229.8,1
801.598,119.909,214.6,214.8,219.8,225,2201.27,1829.891,3.186,0.146,24.342,2.05,0.454,0.658,38.9,26.702,44.989,230,0
801.598,119.909,214.6,214.8,219.8,225,2201.27,1829.891,3.186,0.146,24.342,2.05,0.454,0.658,38.9,26.702,44.989,230,1
801.413,119.909,214.5,214.8,219.8,224.8,2194.762,1853.011,2.806,0.15,24.34,2.04,0.454,0.656,38.9,26.513,44.964,229.8,1
801.413,119.909,214.5,214.8,219.8,224.8,2194.762,1853.011,2.806,0.15,24.34,2.04,0.454,0.656,38.9,26.513,44.964,229.8,1
801.413,119.909,214.3,214.6,219.8,225,2208.265,1846.697,3.716,0.148,24.34,2.038,0.454,0.656,39,26.223,44.984,229.8,1
801.413,119.909,214.6,214.8,219.8,225,2216.328,1855.634,2.794,0.146,24.342,2.034,0.456,0.654,39.2,25.897,44.984,229.8,1
801.413,119.909,214.6,214.8,219.8,225,2216.328,1855.634,2.794,0.146,24.342,2.034,0.456,0.654,39.2,25.897,44.984,229.8,1
801.229,119.909,214.6,214.8,219.8,225,2207.585,1841.84,2.954,0.152,24.34,2.042,0.454,0.658,39.2,25.83,44.984,229.8,1
801.229,119.909,214.6,214.8,219.8,225,2207.585,1841.84,2.954,0.152,24.34,2.042,0.454,0.658,39.2,25.83,44.984,229.8,1
801.598,119.909,214.5,214.8,219.8,225,2211.762,1835.428,3.132,0.15,24.34,2.06,0.454,0.66,39.7,26.024,44.969,229.8,1
801.598,119.909,214.5,214.8,219.8,225,2211.762,1835.428,3.132,0.15,24.34,2.06,0.454,0.66,39.7,26.024,44.969,229.8,0
801.413,119.909,214.8,214.6,219.8,225,2207.099,1843.977,3.322,0.158,24.34,2.046,0.454,0.656,40,25.917,44.999,229.8,0
801.229,119.909,214.6,214.8,220,225,2206.419,1852.525,3.066,0.146,24.342,2.014,0.456,0.658,40.2,25.387,44.943,229.8,1
801.229,119.909,214.6,214.8,220,225,2206.419,1852.525,3.066,0.146,24.342,2.014,0.456,0.658,40.2,25.387,44.943,229.8,1
801.229,119.909,214.6,214.8,219.8,225,2191.653,1869.137,3.036,0.152,24.338,2.062,0.452,0.658,40.5,25.56,44.989,229.8,1
801.229,119.909,214.6,214.8,219.8,225,2191.653,1869.137,3.036,0.152,24.338,2.062,0.452,0.658,40.5,25.56,44.989,229.8,1
801.044,119.909,214.8,215,220,225,2204.573,1861.948,2.842,0.144,24.34,2.046,0.454,0.656,40.5,25.504,44.969,229.8,1
801.598,119.909,214.8,215.1,220,225,2183.396,1859.034,3.222,0.15,24.338,2.042,0.452,0.654,40.9,25.57,44.999,229.8,1
801.598,119.909,214.8,215.1,220,225,2183.396,1859.034,3.222,0.15,24.338,2.042,0.452,0.654,40.9,25.57,44.999,229.8,1
801.598,119.909,214.6,215,220,225,2201.173,1849.514,3.136,0.15,24.34,2.04,0.454,0.656,41.2,25.565,44.974,229.8,1
801.598,119.909,214.6,215,220,225,2201.173,1849.514,3.136,0.15,24.34,2.04,0.454,0.656,41.2,25.565,44.974,229.8,1
801.598,119.909,214.5,215,220,225,2207.293,1858.063,3.08,0.148,24.34,2.062,0.454,0.658,41.4,25.851,44.959,229.8,1
801.598,119.909,214.8,214.8,219.8,224.8,2195.539,1845.92,3.394,0.146,24.34,2.052,0.454,0.654,41.5,26.157,44.959,230,1
801.598,119.909,214.8,214.8,219.8,224.8,2195.539,1845.92,3.394,0.146,24.34,2.052,0.454,0.654,41.5,26.157,44.959,230,1
801.413,119.909,214.6,215.1,219.8,224.8,2210.402,1835.622,3.156,0.144,24.34,2.06,0.454,0.656,41.7,26.36,44.994,229.8,1
801.413,119.909,214.6,215.1,219.8,224.8,2210.402,1835.622,3.156,0.144,24.34,2.06,0.454,0.656,41.7,26.36,44.994,229.8,1
801.782,119.909,214.8,215.1,220,225,2197.87,1813.959,2.846,0.152,24.34,2.05,0.454,0.656,42,26.549,44.999,229.8,1
801.782,119.909,214.8,215.1,220,225,2197.87,1813.959,2.846,0.152,24.34,2.05,0.454,0.656,42,26.549,44.999,229.8,1
801.782,119.909,215.1,215.1,220,225,2209.236,1810.657,3.396,0.15,24.34,2.056,0.454,0.658,42.2,26.84,44.969,229.8,1
801.782,119.909,215.3,215.5,220.1,225,2195.248,1831.251,2.896,0.148,24.34,2.044,0.454,0.654,42.4,26.743,44.969,229.8,0
801.782,119.909,215.3,215.5,220.1,225,2195.248,1831.251,2.896,0.148,24.34,2.044,0.454,0.654,42.4,26.743,44.969,229.8,1
801.966,119.909,215.1,215.5,220.1,225,2197.093,1794.142,2.994,0.146,24.34,2.082,0.454,0.658,42.5,27.242,44.953,229.8,1
801.966,119.909,215.1,215.5,220.1,225,2197.093,1794.142,2.994,0.146,24.34,2.082,0.454,0.658,42.5,27.242,44.953,229.8,1
801.598,119.909,214.6,215.3,220.1,225,2201.659,1800.262,2.798,0.154,24.34,2.048,0.454,0.658,42.7,27.15,44.964,229.8,0
801.966,119.909,214.8,215.1,220.1,225,2204.573,1784.719,2.912,0.152,24.34,2.078,0.454,0.656,42.9,27.446,44.984,229.8,1
801.966,119.909,214.8,215.1,220.1,225,2204.573,1784.719,2.912,0.152,24.34,2.078,0.454,0.656,42.9,27.446,44.984,229.8,1
802.151,119.909,215.3,215.1,220.1,225,2201.756,1782.388,3.378,0.15,24.34,2.054,0.454,0.654,43,27.456,44.964,229.8,1
802.151,119.909,215.3,215.1,220.1,225,2201.756,1782.388,3.378,0.15,24.34,2.054,0.454,0.654,43,27.456,44.964,229.8,1
801.966,119.909,215.3,215.3,220.1,225,2205.448,1776.754,3.438,0.148,24.34,2.072,0.454,0.654,43.2,27.737,44.948,229.8,1
802.52,119.909,215.1,215.3,220.1,225,2198.356,1768.788,3.18,0.146,24.348,2.074,0.454,0.654,43.5,28.027,44.994,229.8,0
802.52,119.909,215.1,215.3,220.1,225,2198.356,1768.788,3.18,0.146,24.348,2.074,0.454,0.654,43.5,28.027,44.994,229.8,1
801.966,119.909,215.1,215.3,220.1,225,2203.31,1777.045,3.502,0.146,24.34,2.026,0.454,0.656,43.7,27.502,44.989,229.8,1
801.966,119.909,215.1,215.3,220.1,225,2203.31,1777.045,3.502,0.146,24.34,2.026,0.454,0.656,43.7,27.502,44.989,229.8,0
802.151,119.909,215.1,215.3,220.3,225,2197.385,1789.188,3.366,0.144,24.34,2.054,0.454,0.658,43.7,27.563,44.999,229.8,1
802.151,119.909,215.1,215.3,220.3,225,2197.385,1789.188,3.366,0.144,24.34,2.054,0.454,0.658,43.7,27.563,44.999,229.8,0
801.966,119.909,215,215.1,220.3,225,2192.916,1770.731,3.4,0.144,24.34,2.056,0.454,0.658,44,27.65,44.948,230,1
801.966,119.909,214.3,214.8,220.1,225,2179.51,1758.879,2.9,0.15,24.338,2.062,0.452,0.656,44.2,27.721,44.984,229.8,1
801.966,119.909,214.3,214.8,220.1,225,2179.51,1758.879,2.9,0.15,24.338,2.062,0.452,0.656,44.2,27.721,44.984,229.8,1
802.151,119.909,214.8,214.8,220.1,225,2200.493,1729.639,2.95,0.15,24.34,2.072,0.454,0.656,44.2,28.027,44.984,229.8,1
802.151,119.909,214.8,214.8,220.1,225,2200.493,1729.639,2.95,0.15,24.34,2.072,0.454,0.656,44.2,28.027,44.984,229.8,1
802.151,119.909,215.1,215,220.1,225,2200.785,1768.108,2.958,0.148,24.34,2.05,0.454,0.656,44.5,27.94,44.999,229.8,1
802.151,119.909,215.3,215.1,220.1,225,2206.905,1756.062,3.4,0.146,24.34,2.068,0.454,0.656,44.5,28.073,44.964,229.8,1
802.151,119.909,215.3,215.1,220.1,225,2206.905,1756.062,3.4,0.146,24.34,2.068,0.454,0.656,44.5,28.073,44.964,229.8,1
802.335,119.909,215,215.1,220.1,225,2200.202,1768.399,3.234,0.144,24.34,2.044,0.454,0.656,44.7,27.854,44.984,229.8,1
802.335,119.909,215,215.1,220.1,225,2200.202,1768.399,3.234,0.144,24.34,2.044,0.454,0.656,44.7,27.854,44.984,229.8,1
802.52,119.909,214.6,215.1,220.1,225,2195.053,1754.313,3.452,0.144,24.338,2.124,0.452,0.66,44.7,28.593,44.994,229.8,1
802.52,119.909,214.6,215.1,220.1,225,2195.053,1754.313,3.452,0.144,24.338,2.124,0.452,0.66,44.7,28.593,44.994,229.8,1
802.335,119.909,215,215,220.1,225,2199.327,1741.685,3.598,0.152,24.338,2.056,0.452,0.654,45,28.522,44.974,229.8,1
802.52,119.909,215.3,215,220.1,225,2199.23,1745.765,3.284,0.152,24.34,2.048,0.454,0.656,45.2,28.338,44.943,229.8,1
802.52,119.909,215.3,215,220.1,225,2199.23,1745.765,3.284,0.152,24.34,2.048,0.454,0.656,45.2,28.338,44.943,229.8,1
802.151,119.909,215.1,215.1,220.1,225,2203.99,1756.451,2.738,0.15,24.34,2.04,0.454,0.656,45.2,28.078,44.964,229.8,1
802.151,119.909,215.1,215.1,220.1,225,2203.99,1756.451,2.738,0.15,24.34,2.04,0.454,0.656,45.2,28.078,44.964,229.8,0
802.335,119.909,215.1,215.3,220.1,225,2192.916,1743.142,2.716,0.148,24.34,2.074,0.454,0.658,45.4,28.389,44.948,229.8,1
802.335,119.909,215.1,215.1,220.3,225,2202.728,1749.359,2.83,0.156,24.34,2.06,0.454,0.654,45.7,28.292,44.984,229.8,0
802.335,119.909,215.1,215.1,220.3,225,2202.728,1749.359,2.83,0.156,24.34,2.06,0.454,0.654,45.7,28.292,44.984,229.8,1
802.335,119.909,215,215.1,220.1,225,2206.127,1747.222,3.158,0.144,24.34,2.06,0.454,0.656,45.7,28.318,44.948,229.8,1
802.335,119.909,215,215.1,220.1,225,2206.127,1747.222,3.158,0.144,24.34,2.06,0.454,0.656,45.7,28.318,44.948,229.8,0
802.335,119.909,214.5,214.8,220.1,224.8,2203.99,1749.845,3.086,0.144,24.34,2.056,0.454,0.656,45.9,28.313,44.974,229.8,1
802.335,119.909,214.5,214.8,220.1,224.8,2203.99,1749.845,3.086,0.144,24.34,2.056,0.454,0.656,45.9,28.313,44.974,229.8,1
802.704,119.909,214.8,214.8,220.1,225,2197.676,1769.468,3.102,0.148,24.342,2.06,0.454,0.658,46,28.435,44.974,230,1
802.335,119.909,215.3,215,220,225,2211.956,1756.645,2.95,0.146,24.34,2.054,0.454,0.658,46.2,28.302,44.959,230,1
802.335,119.909,215.3,215,220,225,2211.956,1756.645,2.95,0.146,24.34,2.054,0.454,0.658,46.2,28.302,44.959,230,1
802.335,119.909,215.3,215.1,220.1,225,2198.453,1751.593,3.272,0.144,24.34,2.06,0.454,0.658,46.4,28.348,44.948,229.8,0
802.335,119.909,215.3,215.1,220.1,225,2198.453,1751.593,3.272,0.144,24.34,2.06,0.454,0.658,46.4,28.348,44.948,229.8,1
802.335,119.909,215.1,215.1,220.1,225,2207.682,1768.205,3.43,0.144,24.34,2.052,0.454,0.656,46.5,28.221,44.989,229.8,1
802.151,119.909,215,215.1,220.1,225,2199.716,1756.256,2.704,0.15,24.34,2.06,0.454,0.656,46.5,28.267,44.969,229.8,1
802.151,119.909,215,215.1,220.1,225,2199.716,1756.256,2.704,0.15,24.34,2.06,0.454,0.656,46.5,28.267,44.969,229.8,1
802.52,119.909,215,215.1,220.1,225,2209.236,1755.673,3.352,0.158,24.34,2.054,0.454,0.656,46.5,28.256,44.969,229.8,1
802.52,119.909,215,215.1,220.1,225,2209.236,1755.673,3.352,0.158,24.34,2.054,0.454,0.656,46.5,28.256,44.969,229.8,0
802.335,119.909,214.8,214.8,220.1,225,2195.442,1754.119,3.372,0.146,24.338,2.07,0.452,0.658,46.5,28.379,44.953,229.8,0
802.335,119.909,214.8,214.8,220.1,225,2195.442,1754.119,3.372,0.146,24.338,2.07,0.452,0.658,46.5,28.379,44.953,229.8,1
802.52,119.909,214.8,214.8,220.1,225,2200.299,1762.182,2.804,0.146,24.34,2.058,0.454,0.656,46.5,28.353,44.974,229.8,1
802.704,119.909,214.8,215,220,225,2192.916,1761.405,3.46,0.144,24.338,2.054,0.452,0.656,46.4,28.353,44.989,229.8,1
802.704,119.909,214.8,215,220,225,2192.916,1761.405,3.46,0.144,24.338,2.054,0.452,0.656,46.4,28.353,44.989,229.8,1
802.52,119.909,215.1,215.1,220,225,2194.276,1747.708,2.87,0.144,24.338,2.054,0.452,0.658,46.2,28.358,44.959,229.8,1
798.831,119.909,213.3,215.8,220.5,224.8,2146.773,1913.726,0.052,0.148,24.318,2.046,0.448,0.656,41.4,24.918,44.994,230.1,0
798.831,119.909,213.3,215.8,220.5,224.8,2146.773,1913.726,0.052,0.148,24.318,2.046,0.448,0.656,41.4,24.918,44.994,230.1,0
797.724,119.909,213.6,216.3,220.6,224.8,2241.488,2090.527,0.054,0.148,24.328,2.266,0.458,0.654,41,25.53,44.964,230.1,0
797.724,119.909,213.6,216.3,220.6,224.8,2241.488,2090.527,0.054,0.148,24.328,2.266,0.458,0.654,41,25.53,44.964,230.1,0
796.618,119.909,212.5,216.1,221,224.8,2308.517,1994.063,3.092,0.144,24.35,2.154,0.464,0.656,41,25.586,44.953,230.1,0
796.618,119.909,212.5,216.1,221,224.8,2308.517,1994.063,3.092,0.144,24.35,2.154,0.464,0.656,41,25.586,44.953,230.1,0
796.802,119.909,211.8,216.1,221.3,225.3,2268.299,1910.423,2.854,0.15,24.358,2.024,0.462,0.656,41,25.214,44.948,230.1,0
796.802,119.909,211.8,216.1,221.3,225.3,2268.299,1910.423,2.854,0.15,24.358,2.024,0.462,0.656,41,25.214,44.948,230.1,0
796.802,119.909,211.5,215.8,221.5,225.6,2258.779,1917.223,3.382,0.15,24.346,2.006,0.46,0.656,41.2,24.989,44.964,230,1
796.802,119.909,211.5,215.8,221.5,225.6,2258.779,1917.223,3.382,0.15,24.346,2.006,0.46,0.656,41.2,24.989,44.964,230,1
797.171,119.909,211.3,215.6,221.6,225.6,2226.916,1905.566,3.078,0.144,24.344,2.04,0.458,0.654,41.4,25.321,44.979,230,1
797.171,119.909,211.3,215.6,221.6,225.6,2226.916,1905.566,3.078,0.144,24.344,2.04,0.458,0.654,41.4,25.321,44.979,230,1
797.724,119.909,211.5,215.6,221.8,225.6,2234.008,1899.737,3.228,0.156,24.344,2.074,0.458,0.654,41.5,26.07,44.979,230,0
797.724,119.909,211.5,215.6,221.8,225.6,2234.008,1899.737,3.228,0.156,24.344,2.074,0.458,0.654,41.5,26.07,44.979,230,1
797.724,119.909,211.6,215.3,221.8,225.6,2222.545,1861.948,3.224,0.15,24.342,2.04,0.456,0.658,41.5,26.187,44.959,230,0
797.724,119.909,211.6,215.3,221.8,225.6,2222.545,1861.948,3.224,0.15,24.342,2.04,0.456,0.658,41.5,26.187,44.959,230,1
797.54,119.909,212.1,215.3,222,225.5,2214.579,1856.8,3.25,0.146,24.342,2.032,0.456,0.656,41.9,26.152,44.964,229.8,1
797.54,119.909,212.1,215.3,222,225.5,2214.579,1856.8,3.25,0.146,24.342,2.032,0.456,0.656,41.9,26.152,44.964,229.8,1
797.724,119.909,212.5,215.1,221.8,225.3,2222.545,1813.959,3.066,0.144,24.342,2.09,0.456,0.654,42,26.957,44.948,229.8,1
797.909,119.909,212.8,215.1,221.8,225.3,2195.539,1813.571,2.92,0.148,24.364,2.004,0.454,0.654,42.2,26.442,44.948,229.8,1
797.909,119.909,212.8,215.1,221.8,225.3,2195.539,1813.571,2.92,0.148,24.364,2.004,0.454,0.654,42.2,26.442,44.948,229.8,1
798.278,119.909,213.1,215,221.8,225.3,2206.71,1838.925,3.252,0.144,24.34,2.046,0.454,0.658,42.2,26.569,44.984,229.8,1
798.278,119.909,213.1,215,221.8,225.3,2206.71,1838.925,3.252,0.144,24.34,2.046,0.454,0.658,42.2,26.569,44.984,229.8,1
798.462,119.909,213.3,214.8,221.6,225.3,2207.488,1830.862,3.024,0.15,24.34,2.056,0.454,0.656,42.5,26.799,44.959,229.8,0
798.462,119.909,213.3,214.8,221.6,225.3,2207.488,1830.862,3.024,0.15,24.34,2.056,0.454,0.656,42.5,26.799,44.959,229.8,1
798.462,119.909,213.3,214.6,221.6,225.1,2209.139,1823.188,3.208,0.148,24.34,2.008,0.454,0.654,42.7,26.345,44.984,229.8,1
798.462,119.909,213.5,214.6,221.5,225.1,2186.505,1818.719,3.094,0.146,24.338,2.036,0.452,0.656,42.7,26.366,44.984,229.8,1
798.462,119.909,213.5,214.6,221.5,225.1,2186.505,1818.719,3.094,0.146,24.338,2.036,0.452,0.656,42.7,26.366,44.984,229.8,1
799.015,119.909,213.8,214.6,221.3,225.1,2193.208,1827.754,3.452,0.156,24.34,2.042,0.454,0.652,42.9,26.498,44.964,229.8,1
799.015,119.909,213.8,214.6,221.3,225.1,2193.208,1827.754,3.452,0.156,24.34,2.042,0.454,0.652,42.9,26.498,44.964,229.8,1
798.831,119.909,213.8,214.6,221.3,225.1,2200.979,1831.445,3.206,0.154,24.34,2.052,0.454,0.654,43,26.631,44.964,229.8,1
798.831,119.909,213.8,214.5,221.3,225.1,2190.099,1804.342,3.062,0.142,24.34,2.052,0.454,0.656,43.2,26.845,44.948,229.8,0
798.462,119.909,214.1,214.6,221.3,225,2196.996,1820.274,3.222,0.15,24.34,1.894,0.454,0.656,43.4,25.147,44.999,229.8,0
798.462,119.909,214.1,214.6,221.3,225,2196.996,1820.274,3.222,0.15,24.34,1.894,0.454,0.656,43.4,25.147,44.999,229.8,1
798.646,119.909,214.3,214.6,221.3,225.1,2198.55,1853.4,2.954,0.148,24.34,2.048,0.454,0.656,43.5,25.83,44.969,229.8,1
798.646,119.909,214.3,214.6,221.3,225.1,2198.55,1853.4,2.954,0.148,24.34,2.048,0.454,0.656,43.5,25.83,44.969,229.8,1
798.646,119.909,214.1,214.6,221.1,225.1,2202.63,1829.6,3.05,0.146,24.396,2.066,0.454,0.654,43.7,26.335,44.948,229.8,1
799.015,119.909,214.6,214.5,220.8,225.1,2191.459,1811.628,3.238,0.148,24.34,2.048,0.454,0.658,43.7,26.554,44.953,229.8,1
799.015,119.909,214.6,214.5,220.8,225.1,2191.459,1811.628,3.238,0.148,24.34,2.048,0.454,0.658,43.7,26.554,44.953,229.8,1
799.384,119.909,214.8,214.6,220.8,225.1,2198.162,1798.708,3.822,0.156,24.34,2.072,0.454,0.654,43.9,27.049,44.964,229.8,1
799.384,119.909,214.8,214.6,220.8,225.1,2198.162,1798.708,3.822,0.156,24.34,2.072,0.454,0.654,43.9,27.049,44.964,229.8,1
799.2,119.909,214.8,214.8,220.8,225,2179.024,1780.542,2.838,0.154,24.338,2.068,0.452,0.656,44,27.339,44.989,229.8,1
799.569,119.909,215,215.1,220.6,225,2198.065,1782.096,3.184,0.154,24.338,2.062,0.452,0.654,44.2,27.477,44.994,229.8,1
799.569,119.909,215,215.1,220.6,225,2198.065,1782.096,3.184,0.154,24.338,2.062,0.452,0.654,44.2,27.477,44.994,229.8,1
799.569,119.909,215.1,214.8,220.6,225,2187.865,1773.936,3.428,0.154,24.338,2.046,0.452,0.656,44.4,27.365,44.979,229.8,1
799.569,119.909,215.1,214.8,220.6,225,2187.865,1773.936,3.428,0.154,24.338,2.046,0.452,0.656,44.4,27.365,44.979,229.8,1
799.2,119.909,215.1,215.1,220.6,225,2199.425,1815.902,2.884,0.154,24.34,2.016,0.454,0.654,44.5,26.891,44.969,229.8,1
799.384,119.909,214.8,215,220.6,225,2185.824,1815.805,3.492,0.152,24.338,2.052,0.452,0.656,44.5,27.003,44.999,229.8,1
799.384,119.909,214.8,215,220.6,225,2185.824,1815.805,3.492,0.152,24.338,2.052,0.452,0.656,44.5,27.003,44.999,229.8,1
799.569,119.909,215.1,215,220.6,225,2187.767,1801.234,3.424,0.144,24.338,2.034,0.452,0.654,44.7,26.865,44.989,230,1
799.569,119.909,215.1,215,220.6,225,2187.767,1801.234,3.424,0.144,24.338,2.034,0.452,0.654,44.7,26.865,44.989,230,1
799.569,119.909,215.1,215,220.5,225,2181.162,1808.714,3.296,0.144,24.338,2.046,0.452,0.654,44.9,26.962,44.994,230,1
799.569,119.909,214.8,215,220.5,225,2195.15,1816,3.154,0.144,24.34,2.038,0.454,0.656,45,26.967,44.974,229.8,1
799.569,119.909,214.8,215,220.5,225,2195.15,1816,3.154,0.144,24.34,2.038,0.454,0.656,45,26.967,44.974,229.8,1
799.569,119.909,214.6,214.8,220.3,225,2196.802,1792.685,2.764,0.15,24.34,2.068,0.454,0.658,45,27.329,44.989,229.8,1
800.122,119.909,214.8,214.8,220.3,225,2193.305,1782.291,3.026,0.148,24.338,2.086,0.452,0.658,45.2,27.89,44.948,229.8,1
800.122,119.909,214.8,214.8,220.3,225,2193.305,1782.291,3.026,0.148,24.338,2.086,0.452,0.658,45.2,27.89,44.948,229.8,1
800.122,119.909,215.1,214.8,220.1,225,2187.67,1738.673,3.336,0.148,24.338,2.096,0.452,0.658,45.4,28.598,44.984,229.8,1
800.122,119.909,215.1,214.8,220.1,225,2187.67,1738.673,3.336,0.148,24.338,2.096,0.452,0.658,45.4,28.598,44.984,229.8,0
799.938,119.909,215,215.1,220.1,225,2190.876,1764.416,3.084,0.148,24.34,2.006,0.454,0.654,45.5,27.777,44.959,229.8,0
800.122,119.909,215,215,220.1,225,2198.356,1769.759,3.058,0.146,24.34,2.06,0.454,0.656,45.7,27.94,44.953,229.8,0
800.122,119.909,215,215,220.1,225,2198.356,1769.759,3.058,0.146,24.34,2.06,0.454,0.656,45.7,27.94,44.953,229.8,1
799.938,119.909,215.1,215.1,220.1,225,2168.727,1775.879,3.28,0.154,24.336,2.032,0.45,0.658,45.7,27.63,44.999,229.8,1
799.938,119.909,215.1,215.1,220.1,225,2168.727,1775.879,3.28,0.154,24.336,2.032,0.45,0.658,45.7,27.63,44.999,229.8,0
799.938,119.909,215.1,215.1,220.1,224.8,2199.813,1770.245,3.706,0.146,24.34,2.058,0.454,0.658,45.9,27.849,44.964,229.8,1
799.938,119.909,215,215,220.1,224.8,2184.173,1778.016,3.718,0.146,24.338,2.028,0.452,0.658,46,27.472,44.948,229.8,0
799.938,119.909,215,215,220.1,224.8,2184.173,1778.016,3.718,0.146,24.338,2.028,0.452,0.658,46,27.472,44.948,229.8,1
800.122,119.909,215.1,214.8,220.1,224.8,2198.745,1767.428,3.134,0.154,24.34,2.064,0.454,0.656,46,27.772,44.989,229.8,1
800.122,119.909,215.1,214.8,220.1,224.8,2198.745,1767.428,3.134,0.154,24.34,2.064,0.454,0.656,46,27.772,44.989,229.8,1
799.938,119.909,215.1,215,220.1,224.8,2195.83,1772.285,3.032,0.152,24.34,2.028,0.454,0.654,46.2,27.487,44.979,229.8,0
799.938,119.909,214.8,214.8,220.1,224.8,2200.105,1785.011,3.08,0.15,24.34,2.056,0.454,0.652,46.2,27.614,44.979,230,0
799.938,119.909,214.8,214.8,220.1,224.8,2200.105,1785.011,3.08,0.15,24.34,2.056,0.454,0.652,46.2,27.614,44.979,230,0
800.307,119.909,214.8,214.8,220,224.8,2184.853,1782.874,3.278,0.148,24.338,2.048,0.452,0.65,46.4,27.706,44.948,229.8,0
800.307,119.909,214.8,214.8,220,224.8,2184.853,1782.874,3.278,0.148,24.338,2.048,0.452,0.65,46.4,27.706,44.948,229.8,0
800.122,119.909,215,215,220.1,225,2197.579,1784.136,3.416,0.148,24.34,2.048,0.454,0.654,46.5,27.833,44.943,229.8,1
800.307,119.909,214.8,214.8,220,225,2193.985,1769.079,3.416,0.146,24.338,2.034,0.452,0.656,46.5,27.732,44.994,229.8,1
800.307,119.909,214.8,214.8,220,225,2193.985,1769.079,3.416,0.146,24.338,2.034,0.452,0.656,46.5,27.732,44.994,229.8,1
800.675,119.909,216.8,215.8,219.1,224.6,2204.379,1778.794,2.854,0.152,24.322,2.058,0.454,0.656,46.9,27.879,44.969,230,1
800.675,119.909,216.8,215.8,219.1,224.6,2204.379,1778.794,2.854,0.152,24.322,2.058,0.454,0.656,46.9,27.879,44.969,230,0
800.122,119.909,216.3,215.8,219.1,225,2197.19,1804.537,3.766,0.15,24.34,2.292,0.454,0.656,47.2,28.603,44.943,230,0
800.122,119.909,216.3,215.8,219.1,225,2197.19,1804.537,3.766,0.15,24.34,2.292,0.454,0.656,47.2,28.603,44.943,230,0
800.122,119.909,215.8,215.6,219.3,225.3,2198.453,1782.679,3.194,0.148,24.34,2.004,0.454,0.654,47.2,27.854,44.979,230,0
800.122,119.909,215.8,215.6,219.3,225.3,2198.453,1782.679,3.194,0.148,24.34,2.004,0.454,0.654,47.2,27.854,44.979,230,0
799.753,119.909,215.1,215.6,219.5,225.3,2194.762,1801.039,3.11,0.146,24.338,2.016,0.452,0.654,47.4,27.487,44.994,230,0
799.753,119.909,215.1,215.6,219.5,225.3,2194.762,1801.039,3.11,0.146,24.338,2.016,0.452,0.654,47.4,27.487,44.994,230,1
800.122,119.909,214.5,215.3,219.5,225.3,2209.722,1795.891,3.406,0.146,24.34,2.092,0.454,0.656,47.5,28.2,44.964,230,1
800.122,119.909,214.5,215.3,219.5,225.3,2209.722,1795.891,3.406,0.146,24.34,2.092,0.454,0.656,47.5,28.2,44.964,230,1
800.307,119.909,214.5,215.1,219.6,225.1,2185.824,1758.005,3.086,0.146,24.338,2.058,0.452,0.656,47.5,28.445,44.984,230,1
800.307,119.909,214.5,215.1,219.6,225.1,2185.824,1758.005,3.086,0.146,24.338,2.058,0.452,0.656,47.5,28.445,44.984,230,1
800.122,119.909,214.5,215,219.6,225,2198.647,1750.136,2.718,0.154,24.338,2.044,0.452,0.654,47.7,28.639,44.964,230,1
800.122,119.909,214.5,215,219.6,225,2198.647,1750.136,2.718,0.154,24.338,2.044,0.452,0.654,47.7,28.639,44.964,230,1
800.122,119.909,214.3,215,219.6,225,2181.259,1758.685,3.206,0.146,24.338,2.04,0.452,0.654,47.7,28.511,44.984,229.8,1
800.122,119.909,214.3,215,219.6,225,2181.259,1758.685,3.206,0.146,24.338,2.04,0.452,0.654,47.7,28.511,44.984,229.8,1
800.122,119.909,214.3,215,219.8,225,2195.733,1752.079,2.798,0.146,24.338,2.056,0.452,0.654,47.9,28.644,44.999,229.8,1
800.491,119.909,214.5,214.8,219.8,225,2169.796,1727.793,3.256,0.146,24.336,2.046,0.45,0.656,47.9,28.649,44.953,229.8,1
800.491,119.909,214.5,214.8,219.8,225,2169.796,1727.793,3.256,0.146,24.336,2.046,0.45,0.656,47.9,28.649,44.953,229.8,1
800.307,119.909,214.6,214.8,219.8,225.1,2191.556,1751.593,3.174,0.146,24.364,2.034,0.454,0.656,47.9,28.501,44.948,229.8,1
800.307,119.909,214.6,214.8,219.8,225.1,2191.556,1751.593,3.174,0.146,24.364,2.034,0.454,0.656,47.9,28.501,44.948,229.8,0
800.675,119.909,214.5,215,220,225.1,2196.025,1749.165,3.31,0.15,24.34,2.032,0.454,0.652,47.7,28.292,44.999,230,0
800.307,119.909,214.6,214.8,220,225.1,2167.659,1738.188,3.676,0.148,24.336,2.044,0.45,0.654,47.7,28.374,44.969,229.8,1
800.307,119.909,214.6,214.8,220,225.1,2167.659,1738.188,3.676,0.148,24.336,2.044,0.45,0.654,47.7,28.374,44.969,229.8,1
800.307,119.909,214.8,214.8,220,225,2169.116,1754.119,3.128,0.15,24.342,2.032,0.452,0.656,47.5,28.175,44.964,229.8,1
800.307,119.909,214.8,214.8,220,225,2169.116,1754.119,3.128,0.15,24.342,2.032,0.452,0.656,47.5,28.175,44.964,229.8,1
800.675,119.909,214.6,214.8,220.1,225,2201.562,1759.462,2.902,0.146,24.34,2.06,0.454,0.656,47.2,28.348,44.979,229.8,1
800.491,119.909,214.5,214.8,220.1,224.8,2196.122,1765.485,3.13,0.146,24.338,2.036,0.452,0.656,46.5,28.216,44.974,229.8,1
800.491,119.909,214.5,214.8,220.1,224.8,2196.122,1765.485,3.13,0.146,24.338,2.036,0.452,0.656,46.5,28.216,44.974,229.8,1
800.491,119.909,214.6,214.6,220.1,224.8,2167.27,1767.816,3.314,0.144,24.336,2.044,0.45,0.654,46,28.262,44.969,229.8,1
800.491,119.909,214.6,214.6,220.1,224.8,2167.27,1767.816,3.314,0.144,24.336,2.044,0.45,0.654,46,28.262,44.969,229.8,1
800.491,119.909,214.6,214.6,220.1,225,2169.407,1782.971,3.494,0.146,24.336,2.018,0.45,0.65,45.2,27.864,44.959,229.8,1
800.307,119.909,214.8,214.6,220.1,225,2190.002,1783.554,2.874,0.148,24.338,2.034,0.452,0.658,44.4,27.757,44.999,229.8,1
800.307,119.909,214.8,214.6,220.1,225,2190.002,1783.554,2.874,0.148,24.338,2.034,0.452,0.658,44.4,27.757,44.999,229.8,1
800.491,119.909,214.8,214.8,220.1,224.8,2192.916,1783.651,3.128,0.148,24.338,2.062,0.452,0.654,43.4,28.058,44.974,230,1
800.491,119.909,214.8,214.8,220.1,224.8,2192.916,1783.651,3.128,0.148,24.338,2.062,0.452,0.654,43.4,28.058,44.974,230,1
800.675,119.909,214.6,214.8,220.1,224.8,2183.688,1769.953,3.426,0.148,24.338,2.03,0.452,0.654,42.7,27.777,44.989,229.8,0
800.491,119.909,214.6,214.6,220.1,224.8,2183.007,1798.319,3.066,0.148,24.338,2.04,0.452,0.652,42,27.696,44.979,229.8,1
800.491,119.909,214.6,214.6,220.1,224.8,2183.007,1798.319,3.066,0.148,24.338,2.04,0.452,0.652,42,27.696,44.979,229.8,1
800.491,119.909,214.6,214.6,220.1,225,2181.939,1758.588,2.874,0.148,24.338,2.042,0.452,0.658,41.5,27.589,44.959,229.8,1
800.491,119.909,214.6,214.6,220.1,225,2181.939,1758.588,2.874,0.148,24.338,2.042,0.452,0.658,41.5,27.589,44.959,229.8,1
800.491,119.909,214.6,214.8,220.1,225,2187.767,1789.868,3.074,0.148,24.338,2.044,0.452,0.656,41,27.584,44.979,229.8,1
800.491,119.909,214.6,214.8,220.1,225,2187.767,1789.868,3.074,0.148,24.338,2.044,0.452,0.656,41,27.584,44.979,229.8,1
800.491,119.909,214.6,214.6,220.1,225,2189.613,1795.016,3.238,0.148,24.338,2.044,0.452,0.658,40.7,27.523,44.974,229.8,1
800.491,119.909,214.6,214.6,220.1,225,2191.75,1772.771,3.24,0.148,24.338,2.022,0.452,0.654,40.5,27.069,44.994,229.8,0
800.491,119.909,214.6,214.6,220.1,225,2191.75,1772.771,3.24,0.148,24.338,2.022,0.452,0.654,40.5,27.069,44.994,229.8,0
800.307,119.909,214.6,214.8,220.1,225,2189.807,1799.582,2.91,0.148,24.338,2.044,0.452,0.656,40.4,27.028,44.989,229.8,1
800.307,119.909,214.6,214.8,220.1,225,2189.807,1799.582,2.91,0.148,24.338,2.044,0.452,0.656,40.4,27.028,44.989,229.8,1
800.675,119.909,214.6,214.8,220.1,225,2193.887,1806.674,3.598,0.148,24.338,2.042,0.452,0.658,40.2,26.967,44.984,229.8,0
800.491,119.909,214.6,214.6,220.1,225,2188.933,1807.742,3.028,0.148,24.338,2.028,0.452,0.656,40,26.59,44.984,229.8,1
800.491,119.909,214.6,214.6,220.1,225,2188.933,1807.742,3.028,0.148,24.338,2.028,0.452,0.656,40,26.59,44.984,229.8,1
800.675,119.909,214.6,214.8,220.1,224.8,2183.007,1829.405,3.326,0.158,24.338,2.04,0.452,0.654,40,26.559,44.989,229.8,1
800.675,119.909,214.6,214.8,220.1,224.8,2183.007,1829.405,3.326,0.158,24.338,2.04,0.452,0.654,40,26.559,44.989,229.8,1
800.675,119.909,214.6,214.8,220.1,224.8,2183.882,1827.851,3.466,0.148,24.338,2.048,0.452,0.654,40.2,26.682,44.974,229.8,1
800.675,119.909,214.6,215,220,224.8,2186.699,1815.222,3.804,0.148,24.338,2.036,0.452,0.658,40.2,26.488,44.979,230,1
800.675,119.909,214.6,215,220,224.8,2186.699,1815.222,3.804,0.148,24.338,2.036,0.452,0.658,40.2,26.488,44.979,230,1
800.491,119.909,214.8,214.8,220.1,224.8,2183.785,1820.371,3.262,0.148,24.338,2.058,0.452,0.652,40.5,26.687,44.943,230,0
800.491,119.909,214.8,214.8,220.1,224.8,2183.785,1820.371,3.262,0.148,24.338,2.058,0.452,0.652,40.5,26.687,44.943,230,1
800.675,119.909,214.6,214.8,220.1,224.8,2186.31,1815.319,3.218,0.148,24.338,2.034,0.452,0.656,40.5,26.483,44.959,229.8,1
800.675,119.909,214.6,214.8,220.1,224.8,2186.31,1815.319,3.218,0.148,24.338,2.034,0.452,0.656,40.5,26.483,44.959,229.8,1
800.675,119.909,214.6,214.8,220.1,225,2185.436,1836.691,3.814,0.148,24.338,2.006,0.452,0.656,40.7,25.902,44.943,229.8,1
800.491,119.909,214.8,214.8,220.1,225,2180.773,1822.994,3.006,0.148,24.338,2.05,0.452,0.654,41,26.213,44.989,229.8,1
800.491,119.909,214.8,214.8,220.1,225,2180.773,1822.994,3.006,0.148,24.338,2.05,0.452,0.654,41,26.213,44.989,229.8,1
800.675,119.909,214.8,214.8,220.1,225,2190.39,1855.051,3.34,0.148,24.368,2.054,0.452,0.654,41.2,26.427,44.989,229.8,1
800.675,119.909,214.8,214.8,220.1,225,2190.39,1855.051,3.34,0.148,24.368,2.054,0.452,0.654,41.2,26.427,44.989,229.8,1
800.491,119.909,214.8,215.1,220.1,225,2185.242,1840.577,3.926,0.148,24.338,2.022,0.452,0.654,41.4,26.019,44.948,229.8,1
800.675,119.909,215,215,220.1,225,2191.362,1831.251,3.152,0.148,24.338,2.074,0.452,0.656,41.5,26.605,44.964,229.8,1
800.675,119.909,215,215,220.1,225,2191.362,1831.251,3.152,0.148,24.338,2.074,0.452,0.656,41.5,26.605,44.964,229.8,1
800.675,119.909,215,215.1,220.3,225,2187.476,1805.994,3.968,0.158,24.338,2.032,0.452,0.658,41.9,26.32,44.984,229.8,0
800.675,119.909,215,215.1,220.3,225,2187.476,1805.994,3.968,0.158,24.338,2.032,0.452,0.658,41.9,26.32,44.984,229.8,1
800.675,119.909,214.6,215,220.3,225,2189.516,1827.268,3.218,0.158,24.338,2.058,0.452,0.654,42,26.498,44.953,229.8,1
800.675,119.909,214.8,215.1,220.3,225,2170.185,1809.491,3.834,0.158,24.338,2.044,0.452,0.656,42.2,26.411,44.989,229.8,0
800.675,119.909,214.8,215.1,220.3,225,2170.185,1809.491,3.834,0.158,24.338,2.044,0.452,0.656,42.2,26.411,44.989,229.8,1
800.675,119.909,215,215.1,220.3,225,2201.27,1839.314,3.098,0.148,24.34,2.044,0.454,0.656,42.4,26.371,44.984,229.8,1
800.675,119.909,215,215.1,220.3,225,2201.27,1839.314,3.098,0.148,24.34,2.044,0.454,0.656,42.4,26.371,44.984,229.8,1
800.307,119.909,214.8,215.1,220.3,225,2180.19,1788.896,2.926,0.146,24.338,2.03,0.452,0.654,42.7,26.106,44.994,229.8,1
800.307,119.909,214.8,215.1,220.3,225,2180.19,1788.896,2.926,0.146,24.338,2.03,0.452,0.654,42.7,26.106,44.994,229.8,1
800.675,119.909,214.6,215.3,220.3,224.8,2183.007,1834.36,3.21,0.146,24.338,2.052,0.452,0.654,42.7,26.208,44.979,230,1
800.675,119.909,215.1,215.3,220.3,224.8,2196.899,1832.222,3.458,0.146,24.34,2.024,0.454,0.656,43,26.09,44.943,230,1
800.675,119.909,215.1,215.3,220.3,224.8,2196.899,1832.222,3.458,0.146,24.34,2.024,0.454,0.656,43,26.09,44.943,230,1
800.86,119.909,215.1,215.1,220.3,225,2190.196,1850.777,3.284,0.144,24.338,2.054,0.452,0.656,43.2,26.34,44.948,229.8,1
800.86,119.909,215.1,215.1,220.3,225,2190.196,1850.777,3.284,0.144,24.338,2.054,0.452,0.656,43.2,26.34,44.948,229.8,1
800.86,119.909,214.8,215.3,220.3,225,2181.842,1832.028,3.238,0.146,24.338,2.06,0.452,0.654,43.4,26.58,44.969,229.8,1
800.491,119.909,215.1,215.5,220.3,225,2183.299,1791.616,3.042,0.144,24.338,2.054,0.452,0.656,43.4,26.901,44.984,229.8,1
800.491,119.909,215.1,215.5,220.3,225,2183.299,1791.616,3.042,0.144,24.338,2.054,0.452,0.656,43.4,26.901,44.984,229.8,1
801.229,119.909,215.5,215.5,220.3,225,2190.876,1804.731,3.258,0.146,24.338,2.07,0.452,0.656,43.5,27.426,44.964,229.8,1
801.229,119.909,215.5,215.5,220.3,225,2190.876,1804.731,3.258,0.146,24.338,2.07,0.452,0.656,43.5,27.426,44.964,229.8,1
801.044,119.909,215.3,215.6,220.3,225,2182.522,1774.519,3.25,0.146,24.338,2.048,0.452,0.654,43.7,27.405,44.943,229.8,1
801.044,119.909,215.1,215.6,220.3,225,2191.653,1790.645,3.082,0.146,24.338,2.05,0.452,0.658,44,27.405,44.969,229.8,1
801.044,119.909,215.1,215.6,220.3,225,2191.653,1790.645,3.082,0.146,24.338,2.05,0.452,0.658,44,27.405,44.969,229.8,1
